Thread ID,Domains,Count
1,github,209
2,monodraw.helftone,1
3,gist.github,20
4,//xlsxwriter.r,2
5,//xlsxwriter.r,2
6,//python-guide,1
7,github,209
8,docs.python,99
9,stackoverflow,136
10,docs.python,99
11,stackoverflow,136
12,docs.python,99
13,docs.python,99
14,Form(data=<htt,2
15,rm(data=<http:,2
16,//request.POST,2
17,Form(data=<htt,2
18,rm(data=<http:,2
19,//request.POST,2
20,stackoverflow,136
21,github,209
22,pastebin,6
23,github,209
24,daveceddia,1
25,github,209
26,//docs.sqlalchemy,4
27,,26
28,//python,3
29,stackoverflow,136
30,w.jsoneditoronline,1
31,,26
32,docs.python,99
33,stackoverflow,136
34,konklone.io/j,1
35,bottlepy,1
36,docs.djangoproject,18
37,github,209
38,gist.github,20
39,anaconda,1
40,docs.python,99
41,python,10
42,get.slack.,2
43,stackoverflow,136
44,tp://eg,1
45,raw.githubusercontent,1
46,pythonhosted,5
47,//try.jquery,1
48,w.practicepython,1
49,://example.cm/bla>',1
50,ts.get('<http://httpbin,1
51,"//requests.post|requests.post>(""""<http://httpbin",2
52,://requests.post|requests.post>()`,1
53,//docs.python-requests,7
54,stackoverflow,136
55,//xlsxwriter.rea,1
56,github,209
57,github,209
58,://foo,1
59,//docs.python-requests,7
60,//stackabuse,1
61,pypi.python,27
62,pypi.python,27
63,pypi.python,27
64,github,209
65,sentry,1
66,stackoverflow,136
67,//imgur,5
68,en.wikipedia,10
69,"8594808.897595,Georgeann,""<http://imgur",1
70,en.wikipedia,10
71,pythondev.slack,8
72,://0.0.0.0:5001/>',1
73,github,209
74,github,209
75,github,209
76,gist.github,20
77,dropbox,1
78,pygame,1
79,gist.github,20
80,github,209
81,stackoverflow,136
82,//pyslackers,1
83,postgresql,5
84,pythondev.slack,8
85,gyazo,1
86,gist.github,20
87,stackoverflow,136
88,w.allitebooks,1
89,elastic,1
90,github,209
91,//engineering.hackerearth,1
92,,26
93,qbox.io/blog/welcome-t,1
94,"ww.roga.html>'}
",1
95,"www.roga.html>',",1
96,www.kopita,2
97,'].append('<http://google,2
98,'].append('<http://yahoo,1
99,p://google,5
100,://yahoo,2
101,p://google,5
102,://yahoo,2
103,www.,1
104,www.google,1
105,www.roga.h,1
106,www.kopita,2
107,p://google,5
108,p://google,5
109,'].append('<http://google,2
110,p://google,5
111,://google,1
112,github,209
113,github,209
114,github,209
115,//imgur,5
116,//imgur,5
117,//imgur,5
118,//imgur,5
119,api.slack,5
120,docs.python,99
121,.my_awesome_website`,1
122,my_awesome_website`,1
123,"/.../
",1
124,[domain],2
125,"//www[domain]/>
",1
126,[domain],2
127,.[domain])...,1
128,".[domain]’
",1
129,github,209
130,pymotw,3
131,stackoverflow,136
132,://unidata.github.io/netcdf4-python/>).,1
133,//flask.pocoo,3
134,"99372971.381867,Meg,""<http://docs.celeryproject",1
135,//docs.celeryproject,9
136,//flask.pocoo,3
137,flask-rest,1
138,github,209
139,github,209
140,github,209
141,github,209
142,hackerrank,1
143,stackoverflow,136
144,//transmissionrp,1
145,get.slack.hel,4
146,github,209
147,gallery.technet.microsoft,1
148,ssertEqual(counts['<http://docs.google,3
149,ssertEqual(counts['<http://docs.google,3
150,://docs.google,1
151,ssertEqual(counts['<http://docs.google,3
152,github,209
153,github,209
154,stackoverflow,136
155,github,209
156,github,209
157,pypi.python,27
158,github,209
159,forums.docker,1
160,docs.pytest,4
161,docs.python,99
162,docs.pytest,4
163,github,209
164,github,209
165,github,209
166,github,209
167,github,209
168,docs.python,99
169,wiki.python,6
170,blog.miguelgrinberg,3
171,//pythonanywhere,1
172,//heroku,1
173,aws.amazon,3
174,github,209
175,github,209
176,//mattupstate,1
177,openstax,1
178,pythonhosted,5
179,docs.python,99
180,github,209
181,//flask.pocoo,3
182,docs.python,99
183,gist.github,20
184,mikeash,3
185,//bit.ly/p,1
186,w.dhl,1
187,pypi.python,27
188,pythondev.slack,8
189,//docker.io/nginx|docker.io/nginx>,1
190,//docker.io/nginx:stable-alpine|docker.io/nginx:st,1
191,betfair,1
192,docs.python,99
193,,26
194,stackoverflow,136
195,stackoverflow,136
196,github,209
197,github,209
198,soundcloud,1
199,//lifehacker,1
200,docs.python,99
201,dryan,1
202,p://elasticbeanstalk,1
203,facebook,2
204,facebook,2
205,://facebook,1
206,w.vinaysahni,3
207,"00296206.487789,Meg,""<http://docs.sqlalchemy",1
208,docs.python,99
209,geoalchemy-,1
210,rabbitmq,1
211,pastebin,6
212,python,10
213,youtube,16
214,docs.python,99
215,github,209
216,stackoverflow,136
217,get.slack.hel,4
218,tmpnb,1
219,//jupyter.kbman,1
220,jupyter,1
221,//logging.,1
222,://logging,1
223,youtube,16
224,pypi.python,27
225,{0}:x-oauth-basic@github,1
226,stackoverflow,136
227,pypi.python,27
228,"3693.851654,Meg,""<http://www.seleniumhq",1
229,://crucible.server,1
230,://10.51.50.10:420,1
231,//logging.info|log,2
232,//logging.info|log,2
233,//lxml.de/inst,1
234,github,209
235,docs.docker,3
236,gis.stackexchange,2
237,//workshops.boundlessgeo,1
238,census,2
239,//www12.statc,1
240,postgis,1
241,//thespatialcommunity,1
242,,26
243,docs.python,99
244,docs.python,99
245,en.wikipedia,10
246,docs.scipy,3
247,github,209
248,news.google,1
249,amazon,4
250,//dev.utek.pl/2013/ignoring-tables-in-al,1
251,github,209
252,github,209
253,,26
254,github,209
255,docs.python,99
256,//ietf,1
257,gist.github,20
258,getbootstrap,1
259,//pysnmp.sourceforge,1
260,en.wikipedia,10
261,google,7
262,google,7
263,,26
264,github,209
265,gis.stackexchange,2
266,"00982480.879929,Gabriele,<http://httpd.apache",1
267,//nginx,1
268,tutorialspoint,4
269,amazon,4
270,amazon,4
271,gist.github,20
272,w.pythonweekly,1
273,twitter,3
274,wiki.python,6
275,en.wikipedia,10
276,youtube,16
277,"01089576.968905,Marilyn,<http://sedimental",1
278,docs.python,99
279,github,209
280,gitlab,1
281,stackoverflow,136
282,tutorialspoint,4
283,docs.djangoproject,18
284,docs.djangoproject,18
285,//email2.mail,1
286,reddit,2
287,//download.geonames,1
288,pastebin,6
289,github,209
290,tripadvisor,1
291,//python,3
292,docs.python,99
293,stackoverflow,136
294,github,209
295,//repl.it,1
296,docs.python,99
297,github,209
298,//lxml.de,1
299,//localhost:8000/api-user-create/>;,1
300,"//localhost/route>`""
",1
301,//localhost:8,1
302,munchery,2
303,munchery,2
304,//openstax,1
305,tutor.openstax,1
306,github,209
307,"01608577.026131,Patty,<http://docs.aws.amazon",1
308,stackoverflow,136
309,sorl-th,1
310,github,209
311,stackoverflow,136
312,//pythonbooks,1
313,pythondev.slack,8
314,askubuntu,2
315,northshore,1
316,codewars,5
317,docs.djangoproject,18
318,codewars,5
319,stackoverflow,136
320,github,209
321,stackoverflow,136
322,stackoverflow,136
323,stackoverflow,136
324,stackoverflow,136
325,github,209
326,stackoverflow,136
327,xkcd,2
328,troyhunt,1
329,blog.codinghorror,3
330,blog.codinghorror,3
331,stackoverflow,136
332,docs.djangoproject,18
333,udemy,2
334,developers.facebook,3
335,developers.facebook,3
336,developers.facebook,3
337,//docs.python-requests,7
338,docs.djangoproject,18
339,stackoverflow,136
340,vignette1.wikia.nocookie,1
341,stackoverflow,136
342,google,7
343,github,209
344,//python,3
345,developers.google,9
346,automatetheboringstuff,6
347,"02212459.752404,Orpha,<http://pythonlearn",1
348,github,209
349,"02212716.902982,Orpha,<http://pythonlearn",1
350,github,209
351,edx,1
352,//python101.pythonlibrary,2
353,docs.python,99
354,cffi.readth,1
355,//python101.pythonlibrary,2
356,automatetheboringstuff,6
357,stackoverflow,136
358,cess.Popen([‘pin,1
359,,26
360,,26
361,://agr02.cerberus.nuc.nxcorp,1
362,://the-nexus-g.bar2.nashville1.level3,1
363,://lo-22.bar2.nashville1.level3,1
364,://xe-11-0-3.edge3.frankfurt1.level3,1
365,://fra1-b1.yndx,1
366,://iva-b-c2-ae0-801.yndx,1
367,://ya.ru|ya.ru>,2
368,://ya.ru|ya.ru>,2
369,//ya.ru|ya.ru>,3
370,//ya.ru|ya.ru>,3
371,://tagr02.cerberus.nuc.nxcorp,1
372,5.6.130)\n\t207.65.6.165\n\<http://tthe-nexus-g.bar2.nashville1.level3,1
373,149.122)\n\<http://tlo-22.bar2.nashville1.level3,1
374,180.99)\n\<http://txe-11-0-3.edge3.frankfurt1.level3,1
375,.38.217)\n\<http://tfra1-b1.yndx,1
376,200.24)\n\<http://tiva-b-c2-ae0-801.yndx,1
377,.164.190)\n\<http://tya.ru|tya.ru>,1
378,0.250.242)\n\<http://tya.ru|tya.ru>,1
379,//ya.ru|ya.ru>,3
380,jeffknupp,1
381,github,209
382,Proxy('<http://localhost/test_xmlrpc_,1
383,dev.mysql,2
384,dev.mysql,2
385,sqlite,1
386,github,209
387,askubuntu,2
388,w.jrsoftware,1
389,jetbrains,6
390,://requirements.in|requirements.in>`,1
391,//requirements.in|requirements.in>`;,1
392,stackoverflow,136
393,//xon.sh/>,1
394,stackoverflow,136
395,github,209
396,docs.python,99
397,github,209
398,//schema.,1
399,github,209
400,github,209
401,docs.python,99
402,docs.python,99
403,docs.python,99
404,api.slack,5
405,github,209
406,github,209
407,github,209
408,github,209
409,pypi.python,27
410,github,209
411,github,209
412,sharkn,1
413,api.slack,5
414,tutorials.botsfloor,1
415,github,209
416,//flit.re,1
417,pypi.python,27
418,pypi,1
419,//pypi,2
420,"03066422.000404,Beula,""<http://pypi.python",1
421,//pypi,2
422,stackoverflow,136
423,google,7
424,stackoverflow,136
425,docs.python,99
426,://travis.ci|travis.ci>`,1
427,github,209
428,desktop.github,1
429,w.website,1
430,,26
431,github,209
432,peterbe,1
433,//domain,1
434,stackoverflow,136
435,docs.pytest,4
436,pyslackers,2
437,stackoverflow,136
438,qz,1
439,www.fangraphs,1
440,w.fangraphs,1
441,developers.google,9
442,//kangax.github.io/c,1
443,developers.google,9
444,stackoverflow,136
445,get.slack.hel,4
446,docs.microsoft,2
447,youtube,16
448,docs.microsoft,2
449,stackoverflow,136
450,conda.io/docs/user-guide/tasks/manage-envir,1
451,pypi.python,27
452,//pluginbase.pocoo,2
453,//yapsy.sourceforge,2
454,docs.python,99
455,docs.python,99
456,phpmyadmin,1
457,blog.2ndquadrant,1
458,plaid,1
459,//docs.python-requests,7
460,ideone,1
461,w.obeythetestinggoat,1
462,github,209
463,github,209
464,,26
465,ipython,1
466,stackoverflow,136
467,//wagtailtrans.r,1
468,stackoverflow,136
469,"w.exercism.io/languages/python/about>""
",1
470,msdn.microsoft,2
471,github,209
472,//chriskiehl,1
473,kivy,1
474,pypi.python,27
475,github,209
476,repl.it/K75,1
477,,26
478,get.slack.h,1
479,example,3
480,api.airtable,1
481,repl.it/K7by,1
482,stackoverflow,136
483,example,3
484,example,3
485,pypi.python,27
486,stackoverflow,136
487,hackage.haskell,1
488,get.slack.help/,1
489,github,209
490,//academictorrents,1
491,stackoverflow,136
492,docs.python,99
493,github,209
494,get.sl,3
495,github,209
496,//techspot.zzzeek,2
497,groups.google,2
498,stackoverflow,136
499,,26
500,docs.python,99
501,youtrack.jetbrains,1
502,github,209
503,google,7
504,p://archive,3
505,p://archive,3
506,//docs.python-requests,7
507,http://www.google.,1
508,p://archive,3
509,stackoverflow,136
510,tox.readthedo,1
511,github,209
512,github,209
513,github,209
514,github,209
515,w.vinaysahni,3
516,matplotlib,2
517,docs.python,99
518,,26
519,github,209
520,//robertheaton,1
521,github,209
522,digitalocean,4
523,github,209
524,github,209
525,github,209
526,github,209
527,w.pythonanywhere,1
528,//matplotlib,1
529,//exploreflask,1
530,github,209
531,//google,1
532,repl.,1
533,github,209
534,programiz,1
535,docs.python,99
536,github,209
537,julien,1
538,github,209
539,docs.python,99
540,github,209
541,digitalocean,4
542,stackoverflow,136
543,pythonprogramming,2
544,digitalocean,4
545,stackoverflow,136
546,github,209
547,://your_i,1
548,docs.python,99
549,//127.0.0.1:50,1
550,gist.github,20
551,gist.github,20
552,12factor,1
553,codereview.stackexchange,2
554,docs.python,99
555,pandas.pydata,1
556,stackoverflow,136
557,stackoverflow,136
558,github,209
559,github,209
560,media-cdn.tripadvisor,1
561,stackoverflow,136
562,://php,1
563,get,1
564,meta.stackexchange,2
565,docs.python,99
566,"oup(""""<http://google",1
567,pypi.python,27
568,github,209
569,pook.r,1
570,,26
571,github,209
572,whosonfirst.mapzen,1
573,mapzen,1
574,docs.djangoproject,18
575,github,209
576,gpiozero.readthedocs.io/en/stabl,1
577,github,209
578,twitter,3
579,stackoverflow,136
580,stackoverflow,136
581,docs.python,99
582,docs.python,99
583,github,209
584,python,10
585,d3js,1
586,highcharts,1
587,gist.github,20
588,//draw.io|draw,1
589,slideshare,2
590,stackoverflow,136
591,stackoverflow,136
592,i.ytimg,1
593,stackoverflow,136
594,,26
595,docs.python,99
596,tutorialspoint,4
597,github,209
598,amazon,4
599,//exercism.io,1
600,docs.python,99
601,github,209
602,tp://www.sphinx-doc,1
603,python,10
604,docs.scipy,3
605,w.grantjenks,1
606,github,209
607,github,209
608,stackoverflow,136
609,github,209
610,jetbrains,6
611,stackoverflow,136
612,//code.activestate,1
613,stackoverflow,136
614,developers.google,9
615,developers.google,9
616,wiki.python,6
617,//docs.wand-py,1
618,github,209
619,github,209
620,"05822756.000045,Fabiola,<http://docs.sqlalchemy",1
621,github,209
622,mysqlc,1
623,stackoverflow,136
624,//docs.celeryproject,9
625,//docs.celeryproject,9
626,"//bfy.tw/E0wi>
",1
627,stackoverflow,136
628,//thesassway,1
629,docs.python,99
630,//dlib,1
631,venturebeat,1
632,docs.pytest,4
633,nose.readthedocs.io/en/latest/usage.html>,1
634,//techspot.zzzeek,2
635,hackernoon,4
636,hackernoon,4
637,github,209
638,github,209
639,stackoverflow,136
640,stackoverflow,136
641,stackoverflow,136
642,pypi.python,27
643,//peterdowns,1
644,tp://127.0.0,1
645,docs.djangoproject,18
646,://request.POST|reque,1
647,docs.python,99
648,stackoverflow,136
649,docs.mongodb,4
650,docs.mongodb,4
651,docs.djangoproject,18
652,es.wikipedia,5
653,es.wikipedia,5
654,mitpress.mit,1
655,es.wikipedia,5
656,es.wikipedia,5
657,es.wikipedia,5
658,python,10
659,stackoverflow,136
660,,26
661,docs.python,99
662,//docs.celeryproject,9
663,github,209
664,w.pythondoc,1
665,en.wikipedia,10
666,"2038.00072,Beula,<http://www.effectivepython",1
667,"repl.it/LinZ/0>
",1
668,,26
669,pythonhosted,5
670,pythonhosted,5
671,github,209
672,github,209
673,github,209
674,docs.python,99
675,//docs.paramiko,1
676,stackoverflow,136
677,digitalocean,4
678,docs.python,99
679,stackoverflow,136
680,packages.ubuntu,1
681,wiki.ubuntu,1
682,//ncoghlan-dev,1
683,//example,1
684,meta.stackexchange,2
685,stackoverflow,136
686,github,209
687,theregister,1
688,stackoverflow,136
689,wiki.python,6
690,stackoverflow,136
691,"repl.it/Lv0h/1>""
",1
692,//slacksite,1
693,stackoverflow,136
694,slideshare,2
695,programmableweb,2
696,w.vinaysahni,3
697,docs.djangoproject,18
698,github,209
699,"w.fast.ai/>
",1
700,va.sndcdn,1
701,i1.sndcdn,1
702,sonatype,1
703,pypi.python,27
704,,26
705,,26
706,github,209
707,postgresql,5
708,docs.djangoproject,18
709,pythonhosted,5
710,gist.github,20
711,geopy.read,1
712,//boto3.readth,1
713,github,209
714,boto3.,1
715,developers.google,9
716,denibertovic,1
717,github,209
718,w.github,1
719,stackoverflow,136
720,//pillow.readthe,1
721,developer.gnome,1
722,stackoverflow,136
723,g,1
724,jetbrains,6
725,docs.python,99
726,docs.python,99
727,docs.python,99
728,docs.python,99
729,github,209
730,sentheon,1
731,//docs.celeryproject,9
732,github,209
733,stackoverflow,136
734,github,209
735,github,209
736,docs.python,99
737,stackoverflow,136
738,stackoverflow,136
739,github,209
740,github,209
741,//pygithu,1
742,docs.scipy,3
743,stackoverflow,136
744,github,209
745,pypkg,1
746,docs.python,99
747,docs.python,99
748,conda.io/do,1
749,repl.it/MZg,1
750,stackoverflow,136
751,stackoverflow,136
752,//areavibes,1
753,//gen.lib.r,1
754,//training.play-with-docker,1
755,hackernoon,4
756,binpress,1
757,docs.python,99
758,//jenisys.gith,1
759,github,209
760,github,209
761,"et(""""<http://wwww.hipstercode",1
762,tionPool(host='<http://wwww.hipstercode,1
763,"40922.000344,Mallie,<http://wwww.hipstercode",1
764,"40929.000607,Mallie,<http://www.hipstercode",1
765,stackoverflow,136
766,docs.python,99
767,kootenpv.gi,1
768,github,209
769,pythondev.slack,8
770,pypi.python,27
771,mayan-edms,1
772,runscope,1
773,x/rest/login',1
774,//requests.post|,1
775,//docs.python-requests,7
776,"//requests.post|requests.post>(""""<http://httpbin",2
777,//requests.post|requests.post>,1
778,//docs.sqlalchemy,4
779,github,209
780,repl.i,2
781,i.gyazo,2
782,i.gyazo,2
783,github,209
784,repl.i,2
785,github,209
786,docs.djangoproject,18
787,github,209
788,github,209
789,developers.google,9
790,realpython,3
791,og.setLevel(<,1
792,Level(<http:/,2
793,Level(<http:/,2
794,gist.github,20
795,github,209
796,github,209
797,//sqlzoo,1
798,github,209
799,github,209
800,github,209
801,//flask-r,2
802,//flask-r,2
803,nedbatchelder,1
804,serverless,1
805,get.slack.,2
806,pythonprogramming,2
807,postgresql,5
808,github,209
809,github,209
810,stackoverflow,136
811,://mywebsite,1
812,stackoverflow,136
813,github,209
814,stackoverflow,136
815,stackoverflow,136
816,fbchat.readthe,1
817,stackoverflow,136
818,github,209
819,docs.python,99
820,en.wikipedia,10
821,docs.python,99
822,w.codeskulptor,1
823,github,209
824,codewars,5
825,pybit.es/>;,1
826,//,1
827,,26
828,docs.python,99
829,,26
830,"508600877.000016,Vita,""<http://docs.sqlalchemy",1
831,github,209
832,musicbrainz,1
833,//Last.fm|Last,1
834,github,209
835,508668067,1
836,stackoverflow,136
837,github,209
838,github,209
839,docs.python,99
840,//pymssql,1
841,"508763282.000303,Collette,<http://docs.python-guide",1
842,stackoverflow,136
843,w.aboutmyip,1
844,docs.python,99
845,knightlab.northwestern,1
846,nostarch,1
847,youtube,16
848,py.checkio,1
849,//hired,1
850,//daily,1
851,youtube,16
852,pypi.python,27
853,//knexjs,1
854,"508791240.000239,Johana,<http://aosabook",1
855,automatetheboringstuff,6
856,docs.python,99
857,//virtualenvwr,1
858,"508844820.000452,Amee,<http://docs.python-guide",1
859,//docs.python-guide,2
860,youtube,16
861,gist.github,20
862,://Manifest.in,1
863,github,209
864,youtube,16
865,realpython,3
866,teamtreehouse,2
867,w.springframework,1
868,stackoverflow,136
869,upwork,1
870,python-ldap,1
871,//zbar.sourceforge,1
872,pypi.python,27
873,stackoverflow,136
874,,26
875,stackoverflow,136
876,"509124128.000338,Tanya,<http://python-history.blogspot",1
877,tutorialspoint,4
878,developers.google,9
879,w.codefights,1
880,washingtonpost,1
881,youtu.be/w8GGm9Zzg,1
882,github,209
883,//dragonball.wikia,1
884,insights.dice,1
885,github,209
886,docs.python,99
887,//code.jasonbhill,1
888,"repl.it/N5Na>
",1
889,//dateutil.readth,1
890,docs.python,99
891,stackoverflow,136
892,stackoverflow,136
893,get.slack.hel,4
894,//arrow.readthed,1
895,,26
896,pypi.python,27
897,stackoverflow,136
898,github,209
899,github,209
900,census,2
901,docs.python,99
902,intellij-support.jetbrains,2
903,groups.google,2
904,pybee,1
905,pypi.python,27
906,stackoverflow,136
907,docs.djangoproject,18
908,docs.djangoproject,18
909,stackoverflow,136
910,github,209
911,get.sl,3
912,hackernoon,4
913,surveymonkey,1
914,paste.pound-python,1
915,//ipython.readthedocs.io/en/stable/in,1
916,docs.python,99
917,machinelearningmastery,1
918,"deoCapture(""""<http://192.",1
919,cl.ly/1R1B0y363b0r>;,1
920,"cl.ly/0H0K0K162V07>
",1
921,wiki.python,6
922,//py3readiness,1
923,python3wos.appspot,1
924,//Log.info|Log.info>(,6
925,//Log.info|Log.info>(,6
926,//Log.info|Log.info>(,6
927,//Log.info|Log.info>(,6
928,//Log.info|Log.info>(,6
929,//Log.info|Log.info>(,6
930,//teamtreehouse,2
931,stackoverflow,136
932,developer.linkedin,2
933,developer.linkedin,2
934,//axios.post|axios.po,3
935,//axios.post|axios.po,3
936,//axios.post|axios.po,3
937,devspace.hsenidmobile,1
938,//beyondthegeek,1
939,quora,1
940,stackoverflow,136
941,python,10
942,regexr,4
943,stackoverflow,136
944,pragprog,1
945,pythondev.slack,8
946,docs.python,99
947,stackoverflow,136
948,crummy,1
949,//self.logger,1
950,stackoverflow,136
951,github,209
952,wkhtmltopdf,1
953,github,209
954,github,209
955,blog.codinghorror,3
956,"//arrow.readthedocs.io/en/latest/#quickstart>
",1
957,pyslackers,2
958,stackoverflow,136
959,docs.python,99
960,github,209
961,github,209
962,github,209
963,pastebin,6
964,github,209
965,github,209
966,reddit,2
967,github,209
968,youtube,16
969,youtube,16
970,github,209
971,ius.i,1
972,w.unixuser,1
973,docs.python,99
974,pip.pypa.io/en/stable/reference/pip_install/,1
975,w.marinamele,1
976,//lynda,1
977,"510842228.000195,Genesis,<http://Lynda",1
978,dashboard.meraki,5
979,dashboard.meraki,5
980,dashboard.meraki,5
981,dashboard.meraki,5
982,//docs.sqlalchemy,4
983,"510925608.000164,Meg,<http://docs.python-requests",1
984,docs.djangoproject,18
985,github,209
986,blog.miguelgrinberg,3
987,conda.io/docs/user-,1
988,docs.python,99
989,//wlan.sa|wlan.,1
990,docs.gitlab,1
991,spark.apache,2
992,spark.apache,2
993,,26
994,github,209
995,youtube,16
996,//nullege,1
997,docs.python,99
998,github,209
999,//elastic,1
1000,docs.python,99
1001,github,209
1002,://python,1
1003,//makeconnex,1
1004,//self.BD|se,2
1005,//self.BD[se,3
1006,//self.BD|se,2
1007,//self.BD[se,3
1008,//egghead.io,1
1009,://smartpush,1
1010,//self.BD[se,3
1011,//docs.sqlalchemy,4
1012,packaging.python,2
1013,//wiki.qt.io/PySide,1
1014,pypi.python,27
1015,docs.python,99
1016,//docs.python-guide,2
1017,mikeash,3
1018,bpaste,4
1019,bpaste,4
1020,bpaste,4
1021,bpaste,4
1022,//key1,1
1023,//interactivepython,1
1024,stackoverflow,136
1025,stackoverflow,136
1026,docs.python,99
1027,://udemy,2
1028,stackoverflow,136
1029,://udemy,2
1030,docs.djangoproject,18
1031,jakevdp.github.io/PythonDataScienceHandbook/0,1
1032,matplotlib,2
1033,//docs.python-requests,7
1034,docs.python,99
1035,dashboard.meraki,5
1036,msdn.microsoft,2
1037,vpn,1
1038,docs.python,99
1039,docs.python,99
1040,docs.python,99
1041,en.wikipedia,10
1042,automatetheboringstuff,6
1043,"soap=""""http://schemas.xmlsoap",1
1044,"""""http://www.w3",2
1045,"""""http://www.w3",2
1046,tp://www.,1
1047,docs.python,99
1048,docs.python,99
1049,/www.tharstern,1
1050,('{<http://www.tharstern,1
1051,"55415.000121,Edda,`root.findall('{<http://www.tharstern",1
1052,gist.github,20
1053,docs.djangoproject,18
1054,docs.djangoproject,18
1055,udemy,2
1056,stackove,1
1057,help.github,1
1058,unix.stackexchange,1
1059,stackoverflow,136
1060,parmley-graham,1
1061,en.wikipedia,10
1062,blog.miguelgrinberg,3
1063,github,209
1064,stackoverflow,136
1065,docs.mongodb,4
1066,stackoverflow,136
1067,docs.mongodb,4
1068,automatetheboringstuff,6
1069,//xlsxwriter.readthedocs.,1
1070,stackoverflow,136
1071,bigmachine.io,1
1072,w.effectivepython,2
1073,docs.python,99
1074,stackoverflow,136
1075,stackoverflow,136
1076,github,209
1077,docs.python,99
1078,//CONFIG.jobs|,1
1079,//blog.vmfarms,1
1080,programmableweb,2
1081,github,209
1082,transf,1
1083,//upload.wikimedia,1
1084,stackoverflow,136
1085,//dpaste,1
1086,"89116.000028,Meg,""<http://www.django-rest-framework",1
1087,w.django-rest-framework,1
1088,stackoverflow,136
1089,w.postgis,1
1090,//pypi.python,2
1091,python-for,1
1092,pypi.python,27
1093,w.pypi.python,1
1094,docs.python,99
1095,//docs.celeryproject,9
1096,psutil.readthedoc,2
1097,psutil.readthedoc,2
1098,intellij-support.jetbrains,2
1099,aws.amazon,3
1100,github,209
1101,aws.amazon,3
1102,github,209
1103,stackoverflow,136
1104,stackoverflow,136
1105,ted-host=<http://pypi.python,1
1106,stackoverflow,136
1107,google,7
1108,gist.github,20
1109,codewars,5
1110,docs.python,99
1111,google,7
1112,gist.github,20
1113,gist.github,20
1114,gist.github,20
1115,docs.syncthing,1
1116,github,209
1117,stackoverflow,136
1118,github,209
1119,github,209
1120,//docs.celeryproject,9
1121,stackoverflow,136
1122,api.slack,5
1123,github,209
1124,512660201.,1
1125,//xlsxwrit,1
1126,pycom.i,1
1127,github,209
1128,//openpyx,1
1129,python,10
1130,//pep8.readth,1
1131,jetbrains,6
1132,//logger.info|logger.info>('Connection,1
1133,"jira.readthedocs.io/en/master/>""
",1
1134,stackoverflow,136
1135,jetbrains,6
1136,docs.python,99
1137,github,209
1138,github,209
1139,docs.python,99
1140,docs.python,99
1141,github,209
1142,get.sl,3
1143,//initd,2
1144,zato,1
1145,//bobby-tables,1
1146,//initd,2
1147,simpleisbetterthancomplex,1
1148,w.codewars,1
1149,en.wikipedia,10
1150,tp://00author,1
1151,"(""""[\'<http://00author",1
1152,p://00author,1
1153,ging.basicCo,1
1154,//logger.inf,2
1155,//logger.inf,2
1156,stackoverflow,136
1157,python,10
1158,docs.python,99
1159,://logger.info,2
1160,://logger.info,2
1161,://new_event_l,1
1162,t,1
1163,/,1
1164,//docs.celeryproject,9
1165,nickjanetakis,1
1166,github,209
1167,github,209
1168,//geocode,1
1169,docs.python,99
1170,"<http://dt.to|dt.to>('UTC'))
",1
1171,stackoverflow,136
1172,codewars,5
1173,docs.python,99
1174,//wireless2.fcc,1
1175,://wireless2.fcc,1
1176,github,209
1177,github,209
1178,://all_ev,1
1179,github,209
1180,github,209
1181,pastebin,6
1182,realpython,3
1183,coursera,1
1184,automatetheboringstuff,6
1185,teamtreehouse,2
1186,//api.xero,1
1187,stackoverflow,136
1188,//shop.oreilly,1
1189,w.effectivepython,2
1190,pymotw,3
1191,pymotw,3
1192,youtube,16
1193,youtube,16
1194,docs.python,99
1195,developers.google,9
1196,jsfiddle,1
1197,developer.mozilla,1
1198,stackoverflow,136
1199,//thepythonguru,1
1200,//eflorenzano,1
1201,//regex101,1
1202,youtube,16
1203,xkcd,2
1204,github,209
1205,pypy,1
1206,pypi.python,27
1207,//pypy,1
1208,en.wiktionary,1
1209,//buildbot.pypy,3
1210,//dask.pydata,1
1211,github,209
1212,jetbrains,6
1213,//buildbot.pypy,3
1214,//buildbot.pypy,3
1215,//reddit,1
1216,stackoverflow,136
1217,api.jquery,2
1218,://flask-app,1
1219,api.jquery,2
1220,"""""<http://you",1
1221,//your-server,1
1222,fangpenlin,1
1223,api.slack,5
1224,github,209
1225,github,209
1226,client.ap,1
1227,.api_call,1
1228,ho,1
1229,stackoverflow,136
1230,,26
1231,github,209
1232,docs.python,99
1233,//omniexplorer,1
1234,pythex,1
1235,regexr,4
1236,stackoverflow,136
1237,github,209
1238,docs.python,99
1239,//teamtreehouse,2
1240,youtu.be/oVp,1
1241,"513612915.000984,Suellen,""<http://docs.python-requests",1
1242,stackoverflow,136
1243,youtube,16
1244,//box,1
1245,hastebin,1
1246,//castorama,1
1247,github,209
1248,media2.giphy,1
1249,docs.python,99
1250,postgresql,5
1251,postgresql,5
1252,stackoverflow,136
1253,i.imgur,1
1254,gist.github,20
1255,codereview.stackexchange,2
1256,docs.python,99
1257,github,209
1258,stackoverflow,136
1259,pypi.python,27
1260,pypi.python,27
1261,//pypi.python,2
1262,youtube,16
1263,stackoverflow,136
1264,stackoverflow,136
1265,pythondev.slack,8
1266,wiki.python,6
1267,://disproxy:80,1
1268,//requests.pos,1
1269,://www.mailcontrol,1
1270,docs.python,99
1271,regexr,4
1272,github,209
1273,//docs.celeryproject,9
1274,redis.io/topics/p,1
1275,github,209
1276,regex101,3
1277,stackoverflow,136
1278,python,10
1279,github,209
1280,kdnuggets,1
1281,getpostman,1
1282,//GPIO.IN|GPIO.IN,1
1283,pastebin,6
1284,github,209
1285,//tutor,1
1286,docs.python,99
1287,//programiz,1
1288,regexr,4
1289,regex101,3
1290,regex101,3
1291,stackoverflow,136
1292,docs.python,99
1293,stackoverflow,136
1294,github,209
1295,stackoverflow,136
1296,cs.uky,1
1297,://ezored,2
1298,packaging.python,2
1299,//pluginbase.pocoo,2
1300,//yapsy.sourceforge,2
1301,pypi.python,27
1302,pypi.python,27
1303,github,209
1304,mikeash,3
1305,p://example,1
1306,"514365238.000109,Georgeann,""<http://docs.tweepy",1
1307,git-scm,3
1308,twitter,3
1309,//henry.precheur,1
1310,//pythonteaching,1
1311,://ezored,2
1312,travis-ci,1
1313,repl.it/r,2
1314,repl.it/r,2
1315,docs.python,99
1316,docs.docker,3
1317,//jdlm.info/ar,1
1318,docs.docker,3
1319,wunderground,1
1320,apicommunity.wunderground,1
1321,mail.python,1
1322,docs.python,99
1323,git-scm,3
1324,git-scm,3
1325,github,209
1326,github,209
1327,khdc-me@github,2
1328,github,209
1329,github,209
1330,github,209
1331,khdc-me@github,2
1332,github,209
1333,tavern,1
1334,python,10
1335,stackoverflow,136
1336,//GitHub,1
