Thread ID,Domains,Count
1,github,360
2,//flask.pocoo,9
3,//sentry.io|s,1
4,channels.r,1
5,github,360
6,aeracode,1
7,docs.python,203
8,regex101,8
9,crummy,6
10,pythex,1
11,regexr,3
12,ts.get('<,1
13,get.s,5
14,crummy,6
15,crummy,6
16,lient.HTTPSCo,1
17,revsys,1
18,//docs.sqlalchemy,6
19,,46
20,,46
21,humblebundle,1
22,amazon,5
23,toptal,1
24,imgur,10
25,imgur,10
26,conda.,1
27,bitbucket,2
28,pypi.python,13
29,stackoverflow,305
30,webdigi,1
31,stackoverflow,305
32,repl.it/repls,2
33,repl.it/repls,2
34,github,360
35,en.wikipedia,23
36,github,360
37,github,360
38,serverfault,1
39,docs.djangoproject,17
40,github,360
41,,46
42,,46
43,github,360
44,github,360
45,akr.am,1
46,//dot,1
47,stackoverflow,305
48,github,360
49,docs.python,203
50,coursera,4
51,hackernoon,4
52,//strftime,1
53,github,360
54,github,360
55,dev.mysql,3
56,docs.python,203
57,stackoverflow,305
58,stackoverflow,305
59,stackoverflow,305
60,github,360
61,pypi.python,13
62,repl.it/rep,3
63,://repl.it|rep,1
64,p://127.0.0.1:,1
65,support.quest,1
66,://127.0.0.1:500,1
67,//forex.timezoneconverter,2
68,%20%20%20%20%20%20%20%20%20%20%20%20%20%20%20%20%20%20%20%20%20%20%20%20%20%20%20%20%20%20%20%20%20IMPACT%20had%20called%20for%20major%20reforms%20to%20bring%20legitimacy%20back%20to%20the%20scheme%20after%20civil%20society%20boycotted%20the%202016%20Kimberley%20Process%20Chair%2C%20the%20United%20Arab%20Emirates%2C%20due%20to%20lax%20%3Cb%3Etrading%3C%2Fb%3E%20practices%20that%20have%20allowed%20conflict%20diamonds%20to%20enter%20the%20legitimate%20%3Cb%3Esupply%20chain%3C%2Fb%3E.%20Along%20with%20members%20of%20the%20Kimberley%26nbsp%3B...%0D%0A%20%20%20%20%20%20%20%20%20%20%20%20%20%20%20%20%20%20%20%20%20%20%20%20%20%20%20%20%20%20&amp;order=5&amp;id=969&amp;title=Non-profit%20announces%20departure%20from%20conflict%20diamonds%20certification%20scheme&amp;desc=IMPACT%20had%20called%20for%20major%20reforms%20to%20bring%20legitimacy%20back%20to%20the%20scheme%20after%20civil%20society%20boycotted%20the%202016%20Kimberley%20Process%20Chair%2C%20the%20United%20Arab%20Emirates%2C%20due%20to%20lax%20%3Cb%3Etrading%3C%2Fb%3E%20practices%20that%20have%20allowed%20conflict%20diamonds%20to%20enter%20the%20legitimate%20%3Cb%3Esupply%20chain%3C%2Fb%3E.%20Along%20with%20members%20of%20the%20Kimberley%26nbsp%3B...&amp;link=https%3A%2F%2Fwww.google,1
69,stackoverflow,305
70,github,360
71,://127.0.,1
72,jquery-az,1
73,//forex.timezoneconverter,2
74,p://127.0.0.1:5000/your-f,1
75,stackoverflow,305
76,github,360
77,stackoverflow,305
78,://pipenv,1
79,://abstrusegoose,1
80,w.sphinx-doc,2
81,docs.python,203
82,pythonhosted,6
83,docs.python,203
84,stackoverflow,305
85,pypi,27
86,docs.python,203
87,docs.python,203
88,stackoverflow,305
89,stackoverflow,305
90,packaging.python,5
91,i.imgur,10
92,github,360
93,stackoverflow,305
94,stackoverflow,305
95,stackoverflow,305
96,//vankooten.nl|v,1
97,github,360
98,thehackerguidetopython,1
99,scaling-python,1
100,//localhost:10310,1
101,gist.github,27
102,packaging.python,5
103,://mikegrouchy,1
104,w.drdobbs,1
105,stackoverflow,305
106,www.example,2
107,www.example,2
108,github,360
109,example,18
110,>.<http://co.uk|,1
111,://com.au|com.au,1
112,p://co.uk|co.uk>,1
113,,46
114,,46
115,,46
116,en.wikipedia,23
117,en.wikipedia,23
118,docs.python,203
119,://example,1
120,://co.uk|c,1
121,p://co.uk|,1
122,p://com.au,1
123,github,360
124,askubuntu,2
125,oreilly,1
126,github,360
127,gist.github,27
128,pythonbytes,1
129,taverntesti,1
130,://ezored,2
131,//bit.ly/,1
132,://EzoRed,1
133,docs.python,203
134,get.slack.h,10
135,docs.python,203
136,get.slack.h,10
137,github,360
138,stackoverflow,305
139,stackoverflow,305
140,wiki.debian,1
141,/{api}.<http://googleapis,1
142,googlecloudplatform.gith,1
143,cloud.google,1
144,docs.python,203
145,lh3.googleusercontent,1
146,//google,1
147,docs.python,203
148,docs.python,203
149,docs.python,203
150,i.stack.imgur,1
151,w.padjo,1
152,//pyvideo,1
153,//aosabook,1
154,en.wikipedia,23
155,stackoverflow,305
156,stackoverflow,305
157,youtube,33
158,docs.python,203
159,docs.python,203
160,leemendelow,1
161,hg.python,3
162,docs.python,203
163,docs.python,203
164,stackoverflow,305
165,//github,3
166,github,360
167,github,360
168,github,360
169,data.cityofchicago,1
170,docs.djangoproject,17
171,amazon,5
172,//workshops.boundlessgeo,1
173,api.paloaltonetworks,1
174,stackoverflow,305
175,//redstoneleo.blogspot,1
176,docs.python,203
177,github,360
178,trac.nginx,1
179,://automatetheboringstuff,1
180,docs.python,203
181,ww.bloomberg,2
182,,46
183,ww.bloomberg,2
184,stackoverflow,305
185,aiohttp.readt,1
186,medium.freecodecamp,2
187,//scikit-image,1
188,stackoverflow,305
189,get.slack.hel,11
190,codereview.stackexchange,3
191,github,360
192,stackoverflow,305
193,docs.python,203
194,'<http://reque,1
195,w.nohello,1
196,regex101,8
197,://foo.bar.,1
198,://requests,1
199,://forms.re,1
200,://module.f,1
201,github,360
202,github,360
203,apispe,1
204,github,360
205,en.wikipedia,23
206,github,360
207,community.tableau,2
208,community.tableau,2
209,github,360
210,youtube,33
211,youtu.be/mqM,1
212,python,31
213,//boto3.readthe,1
214,endency_links=['<http://github,1
215,stackoverflow,305
216,stackoverflow,305
217,//scipy.io|scipy,3
218,//scipy.io|scipy,3
219,//scipy.io|scipy,3
220,//bit.ly/pypacka,2
221,//docs.python-guide,5
222,stackoverflow,305
223,gist.github,27
224,python,31
225,codereview.stackexchange,3
226,github,360
227,github,360
228,github,360
229,//'+,1
230,//jpsanford,1
231,github,360
232,github,360
233,peewee,2
234,peewee,2
235,//share.redwhale,3
236,github,360
237,docs.python,203
238,realpython,9
239,support.twilio,2
240,support.twilio,2
241,pastebin,15
242,vau,1
243,gist.github,27
244,medium.freecodecamp,2
245,github,360
246,blog.miguelgrinberg,8
247,docs.python,203
248,github,360
249,unix.stackexchange,1
250,blogs.technet.microsoft,1
251,github,360
252,docs.python,203
253,,46
254,simpleisbetterthancomplex,2
255,morningstudio,1
256,pyslackers,7
257,github,360
258,pypi.python,13
259,docs.pytest,10
260,pyslackers,7
261,stackoverflow,305
262,gist.github,27
263,github,360
264,constr,1
265,github,360
266,docs.python,203
267,python,31
268,docs.python,203
269,support.google,3
270,stackoverflow,305
271,youtube,33
272,//tracker.media,1
273,//modwsgi.readt,2
274,//modwsgi.readt,2
275,github,360
276,//businessopportunities.txfmedia,3
277,//businessopportunities.txfmedia,3
278,//businessopportunities.txfmedia,3
279,incognitjoe.github.io/adding-,1
280,//arrow.readthedocs.io/en/latest,1
281,github,360
282,//flask.pocoo,9
283,stackoverflow,305
284,github,360
285,giphy,1
286,github,360
287,media.giphy,3
288,youtube,33
289,stackoverflow,305
290,//flask.pocoo,9
291,github,360
292,python,31
293,docs.python,203
294,github,360
295,gitlab,1
296,sourceforge,1
297,//GPIO.IN|GPIO,2
298,//GPIO.IN|GPIO,2
299,//,4
300,//domain,1
301,domain,1
302,stackoverflow,305
303,//wtforms.readth,1
304,github,360
305,api.github,1
306,get.slack.help/hc/en-us/,1
307,//share.redwhale,3
308,//share.redwhale,3
309,github,360
310,w.nltk,1
311,fou,1
312,docs.python,203
313,libav,1
314,mikeash,4
315,found.n,1
316,github,360
317,github,360
318,pypi.python,13
319,pypi.python,13
320,mikeboers.g,1
321,snakify,1
322,stackoverflow,305
323,github,360
324,//books.goalkicker,1
325,stackoverflow,305
326,github,360
327,developers.coinbase,1
328,pastebin,15
329,i.imgur,10
330,pastebin,15
331,asciinema,1
332,docs.python,203
333,google.,1
334,google,11
335,google,11
336,google,11
337,google,11
338,stackoverflow,305
339,google,11
340,google,11
341,google,11
342,get.slack.h,10
343,w.diveintopython3,2
344,//python,7
345,docs.python,203
346,youtube,33
347,github,360
348,docs.python,203
349,github,360
350,github,360
351,haarcu,1
352,developer.mozilla,3
353,//path-to-offending-,1
354,//3b888dcc047b71c0685c3b793d031fb3.cloudfront,1
355,docs.djangoproject,17
356,github,360
357,sqlalchemy,2
358,github,360
359,github,360
360,deb.nodesource,1
361,docs.python,203
362,docs.microsoft,1
363,registry-1.dock,1
364,gist.github,27
365,stackoverflow,305
366,github,360
367,github,360
368,cito.g,1
369,//adilmoujahid,1
370,w.davidrschuler,1
371,galeascience.wordpress,1
372,w.django-rest-framework,2
373,stackoverflow,305
374,github,360
375,github,360
376,pretty,1
377,//linux.die,1
378,//supercat.nosredna,1
379,vanheusden,1
380,://self.gh|self.g,1
381,//flask-sqlalchemy.pocoo,3
382,flask-migrate.readthe,1
383,gist.github,27
384,tableau,1
385,wiki.python,5
386,youtu.be/oV,1
387,training.ta,1
388,safaribooksonline,3
389,youtube,33
390,stackoverflow,305
391,//args.me|args.m,1
392,docs.python,203
393,stackoverflow,305
394,st1=[(u'<http://michaelkors,1
395,tp://bestbuy,2
396,tp://hrblock,2
397,d_output=[(u'<http://michaelkors,1
398,tp://bestbuy,2
399,tp://hrblock,2
400,superuser,1
401,stackoverflow,305
402,//docs.sqlalchemy,6
403,google.github.,2
404,google.github.,2
405,gist.github,27
406,stackoverflow,305
407,python,31
408,developmen,1
409,wiki.python,5
410,stavros,1
411,github,360
412,python,31
413,//entrproject,1
414,automatetheboringstuff,4
415,machinelearningmastery,1
416,docs.scipy,5
417,conda.io/d,2
418,stackoverflow,305
419,gpgtools,1
420,pythonhosted,6
421,stackoverflow,305
422,google.github,1
423,docs.djangoproject,17
424,stackoverflow,305
425,stackoverflow,305
426,udacity,1
427,fullstackpython,2
428,p://walmart,1
429,walmart,5
430,walmart,5
431,walmart,5
432,walmart,5
433,,46
434,docs.python,203
435,im2.io/use,1
436,stackoverflow,305
437,im2.io/usern,1
438,//requests.post|,1
439,curl.trillworks,1
440,i,1
441,imageoptim,1
442,im2.io/us,1
443,//requests.po,1
444,//docs.python-requests,11
445,stackoverflow,305
446,stackoverflow,305
447,stackoverflow,305
448,docs.python,203
449,docs.python,203
450,//python-future,1
451,w.guiapurpura,1
452,blog.jupyter,1
453,cacti,1
454,stackoverflow,305
455,docs.python,203
456,docs.python,203
457,github,360
458,docs.pytest,10
459,github,360
460,youtube,33
461,//joelgrus,1
462,github,360
463,w.django-rest-framework,2
464,ghostbin,2
465,github,360
466,en.wikipedia,23
467,docs.python,203
468,//127.0.0.1:800,1
469,://zetcode,1
470,//codereview.stackexchange,1
471,github,360
472,//web.hyp,1
473,stackoverflow,305
474,stackoverflow,305
475,docs.python,203
476,//dpaste,4
477,//dpaste,4
478,github,360
479,travis-ci,2
480,github,360
481,//click.pocoo,3
482,docs.python,203
483,//requests.pos,4
484,//requests.pos,4
485,://requests.po,1
486,://request.pos,1
487,//requests.pos,4
488,repl.it/rep,3
489,stackoverflow,305
490,flask-restful,3
491,flask-restful,3
492,//shewfood,1
493,//djangopackages,1
494,ttp://exc_logger,1
495,simonmweber,1
496,docs.python,203
497,//logger.info|,4
498,docs.python,203
499,docs.python,203
500,pythondev.slack,33
501,//blo,1
502,//req,4
503,//req,4
504,://re,1
505,//req,4
506,//req,4
507,//site,1
508,//flask-sqlalchemy.pocoo,3
509,blog.miguelgrinberg,8
510,walmart,5
511,bittrex,4
512,hg.python,3
513,github,360
514,stackoverflow,305
515,get.slack.hel,11
516,docs.python,203
517,//docs.python-guide,5
518,ww,1
519,vinaysahni,1
520,pgcon,1
521,djangopackages,3
522,github,360
523,github,360
524,//127.0.0,6
525,//127.0.0,6
526,//127.0.0,6
527,//127.0.0,6
528,//logger.info,1
529,docs.python,203
530,//logger.info|,4
531,//logger.info|,4
532,electr,1
533,repl.it/rep,3
534,stackoverflow,305
535,://treyhunner,1
536,obeythetestinggoat,1
537,npmjs,1
538,github,360
539,jetbrains,9
540,docs.python,203
541,docs.python,203
542,openpyxl.rea,1
543,github,360
544,github,360
545,tutorialspoint,4
546,stackoverflow,305
547,elastic,2
548,gist.github,27
549,github,360
550,youtu.,2
551,github,360
552,github,360
553,docs.python,203
554,page(<http://t,1
555,github,360
556,stackoverflow,305
557,,46
558,doc.scrapy,3
559,get.slack.,3
560,//pythondev.slack,2
561,pyslackers,7
562,digitalocean,5
563,sentry.io|Se,3
564,pyslackers,7
565,m.do,3
566,sent,3
567,tele,1
568,gist.github,27
569,gist.github,27
570,docs.djangoproject,17
571,docs.djangoproject,17
572,get.slack.help/hc/,1
573,mikeash,4
574,stackoverflow,305
575,//docs.python-requests,11
576,//nohello,2
577,stackoverflow,305
578,stackoverflow,305
579,stackoverflow,305
580,docs.python,203
581,stackoverflow,305
582,python,31
583,django-tab,2
584,django-tab,2
585,//localhost:8,1
586,donjayaman,1
587,ww.bombardier,1
588,sms-group,1
589,example,18
590,example,18
591,example,18
592,github,360
593,//xx.xx.x,2
594,://xx.xx.,1
595,//repl.it,1
596,pypi.python,13
597,stackoverflow,305
598,docs.python,203
599,stackoverflow,305
600,//keyboard.io|ke,1
601,en.wikipedia,23
602,jetbrains,9
603,jetbrains,9
604,jetbrains,9
605,medium,9
606,blog.appdynamics,1
607,p://keyserver.ubuntu,1
608,leetcode,3
609,stackoverflow,305
610,stackoverflow,305
611,github,360
612,github,360
613,github,360
614,github,360
615,chriswarrick,1
616,amir.rachum,2
617,stackoverflow,305
618,stackoverflow,305
619,pastebin,15
620,pypi,27
621,pypi,27
622,//nohello,2
623,repl.i,1
624,//applica,1
625,//haveibeenpwned,1
626,//python,7
627,coursera,4
628,github,360
629,groups.google,2
630,repl.it/@aust,1
631,docs.python,203
632,github,360
633,.request.urlretrieve(“<http://website,1
634,imgur,10
635,"2.urlopen(""""<http://example",1
636,bittrex,4
637,developers.google,13
638,stackoverflow,305
639,ww.olx,1
640,//olx,1
641,mail.python,2
642,media.giphy,3
643,docs.python,203
644,docs.python,203
645,docs.python,203
646,goo.gl/imag,1
647,docs.python,203
648,docs.python,203
649,nedbatchelder,2
650,docs.python,203
651,github,360
652,stackoverflow,305
653,github,360
654,docs.scipy,5
655,://bastion.XXXXX,1
656,te_bind_address=('<http://bastion.XXXXXX,1
657,=db,1
658,db,1
659,docs.python,203
660,docs.python,203
661,youtube,33
662,docs.python,203
663,git-scm,1
664,pypi,27
665,github,360
666,youtube,33
667,//teaching.idallen,1
668,get.slack.help/,1
669,dpaste.de/TtQm>,1
670,stackoverflow,305
671,stackoverflow,305
672,trinket.io/py,1
673,//src.xxx|src.xx,1
674,pypi,27
675,//xypro,1
676,stackoverflow,305
677,github,360
678,//flask.pocoo,9
679,github,360
680,en.wikipedia,23
681,w.diveintopython3,2
682,//shop.oreilly,1
683,upload.pypi,4
684,upload.pypi,4
685,upload.pypi,4
686,//test.pypi,1
687,packaging.python,5
688,//sscce,1
689,github,360
690,github,360
691,github,360
692,en.wikipedia,23
693,docs.python,203
694,w.agilenutshell,1
695,docs.pytest,10
696,,46
697,digitalocean,5
698,sentry.io|Se,3
699,pyslackers,7
700,m.do,3
701,sent,3
702,,46
703,//finnv,2
704,//finnv,2
705,docs.python,203
706,github,360
707,github,360
708,github,360
709,hynek.,1
710,docs.python,203
711,xkcd,6
712,,46
713,stackoverflow,305
714,docs.python,203
715,stackoverflow,305
716,docs.python,203
717,w.manpagez,1
718,medidas,1
719,//hklabs.io,1
720,matplotlib,8
721,//appear.in|a,1
722,stackoverflow,305
723,stackoverflow,305
724,docs.python,203
725,docs.python,203
726,pastebin,15
727,github,360
728,//GuitarCenter,1
729,//docs.python-requests,11
730,docs.python,203
731,"""""http://sbgn",1
732,ttp://sbgn,2
733,ttp://sbgn,2
734,tp://sbgn,4
735,tp://sbgn,4
736,tp://sbgn,4
737,tp://sbgn,4
738,://sbgn.o,1
739,jsonlint,2
740,<http://sbgn,2
741,http://sbgn,1
742,<http://sbgn,2
743,"""""{<http://sbgn",1
744,en.wikipedia,23
745,github,360
746,github,360
747,github,360
748,//Factory,1
749,django-cms,1
750,//pythondev.slack,2
751,slack,2
752,//flask.pocoo,9
753,github,360
754,github,360
755,github,360
756,w.dreamincode,1
757,reddit,10
758,,46
759,//python,7
760,p,2
761,github,360
762,//docs.python-guide,5
763,pyinstaller,1
764,cl.ly/0h3h1f1V3,1
765,://127.0.0.1:8000/,1
766,ww.django-rest-framework,1
767,github,360
768,aws.amazon,3
769,github,360
770,aws.amazon,3
771,w.explainthatstuff,1
772,//flask.pocoo,9
773,flask-rest,1
774,askubuntu,2
775,"_REGISTRY=""""<http://456456456456.dkr.ecr.us-west-2.amazonaws",1
776,"_REGISTRY=""""<http://123123123123.dkr.ecr.us-west-2.amazonaws",1
777,//docs.sqlalchemy,6
778,dev.mysql,3
779,//sqlitebrowser,1
780,dryorm,1
781,access.redhat,1
782,docs.python,203
783,docs.python,203
784,docs.python,203
785,//learnpythonthehardway,3
786,developers.google,13
787,github,360
788,regexr,3
789,docs.python,203
790,python,31
791,softwareengineering.stackexchange,1
792,//thefourtheye.in/2014/12/30/Python-,1
793,//python,7
794,//python,7
795,openp,1
796,//softwareengineering.stackexchange,1
797,github,360
798,github,360
799,pypi,27
800,pip.,1
801,//boto3,2
802,//boto3,2
803,docs.aws.amazon,7
804,docs.aws.amazon,7
805,heroku,1
806,://str.cat|,4
807,ttp://str.c,1
808,://str.cat|,4
809,tp://str.ca,4
810,tp://str.ca,4
811,://str.cat|,4
812,tp://str.ca,4
813,://str.cat|,4
814,tp://str.ca,4
815,//docs.sqlalchemy,6
816,atradiusdutch,1
817,arrow.readthed,1
818,github,360
819,github,360
820,github,360
821,github,360
822,devpi,1
823,,46
824,pastebin,15
825,paste.debian,2
826,paste.debian,2
827,//pythex,3
828,stackoverflow,305
829,//pythex,3
830,pastebin,15
831,pastebin,15
832,get.slac,1
833,github,360
834,//github,3
835,wiki.wxpython,1
836,themequarry,1
837,github,360
838,github,360
839,stackoverflow,305
840,//sebastianraschka,1
841,//sol.gfxile,6
842,p://stackoverflow,1
843,stackoverflow,305
844,//wesmckinney,1
845,//sourabhbajaj,1
846,://nohello,1
847,imgur,10
848,//reques,1
849,gist.github,27
850,stackoverflow,305
851,stackoverflow,305
852,w.restapitutorial,1
853,stackoverflow,305
854,circus.readth,1
855,github,360
856,pypi.python,13
857,//api.jquery,1
858,github,360
859,docs.pylonsproject,1
860,developers.google,13
861,github,360
862,github,360
863,github,360
864,stackoverflow,305
865,apidocs.imgur,1
866,github,360
867,stackoverflow,305
868,://pythex,2
869,stackoverflow,305
870,docs.pytest,10
871,gist.github,27
872,stedolan.gi,1
873,github,360
874,github,360
875,stackoverflow,305
876,github,360
877,stackoverflow,305
878,pyslackers,7
879,pip.pypa.i,1
880,docs.aws.amazon,7
881,github,360
882,urbandictionary,1
883,//discordpy.readthedoc,4
884,//discordpy.readthedoc,4
885,//discordpy.readthedoc,4
886,//discordpy.readthedoc,4
887,github,360
888,pythondev.slack,33
889,pythondev.slack,33
890,github,360
891,google,11
892,google,11
893,google,11
894,,46
895,crummy,6
896,github,360
897,legacy.python,1
898,//discordpy.read,1
899,//rapptz.github.,1
900,//xion.io/post/c,1
901,stackoverflow,305
902,bittrex,4
903,stackoverflow,305
904,docs.pytest,10
905,docs.python,203
906,github,360
907,greghilston,2
908,developers.google,13
909,greghilston,2
910,//themes.gohugo.io,1
911,staticgen,1
912,github,360
913,github,360
914,files.pythonhosted,10
915,//bitly,1
916,geeksforgeeks,1
917,github,360
918,://t-redac,1
919,//docs.python-guide,5
920,//docs.celeryproject,3
921,/,3
922,//docs.celeryproject,3
923,"//repl.it|repl.it>,",1
924,pythondev.slack,33
925,://self.post|self.,1
926,//pypi.python,2
927,//pypi.python,2
928,//python,7
929,://pypi,1
930,urll,2
931,urll,2
932,digitalocean,5
933,gist.github,27
934,urllib3.rea,1
935,youtube,33
936,xkcd,6
937,store.xkcd,1
938,datacamp,2
939,automatetheboringstuff,4
940,youtube,33
941,//repgen.in.telstra,1
942,docs.python,203
943,github,360
944,github,360
945,github,360
946,://pythex,2
947,//pythex,3
948,developer.amazon,1
949,repl.it/repls/Gi,1
950,stackoverflow,305
951,docs.python,203
952,stackoverflow,305
953,docs.python,203
954,docs.python,203
955,//logger.info|,4
956,docs.python,203
957,crummy,6
958,crummy,6
959,docs.python,203
960,codereview.stackexchange,3
961,postgresql,2
962,//click.pocoo,3
963,stackoverflow,305
964,github,360
965,developers.google,13
966,jsonformatter.curiousconcept,1
967,alvinalexander,1
968,n.mount('http://',1
969,pandas.pydata,7
970,stackoverflow,305
971,docs.python,203
972,regex101,8
973,regex101,8
974,//regexr,1
975,//docs.python-requests,11
976,//,4
977,//,4
978,//,4
979,techopedia,1
980,flipboard,1
981,w.i-prog,1
982,n.mount('htt,1
983,bittrex,4
984,gist.github,27
985,towardsdatascience,1
986,conda.io/docs/user-,1
987,//anaconda,1
988,github,360
989,,46
990,stackoverflow,305
991,colab.research.google,1
992,github,360
993,stackoverflow,305
994,stackoverflow,305
995,reddit,10
996,docs.python,203
997,docs.python,203
998,stackoverflow,305
999,w.codeskulptor,1
1000,ww.codeskulptor,1
1001,lfd.uci,1
1002,//lucumr.pocoo,1
1003,facebook,1
1004,github,360
1005,tabula,1
1006,github,360
1007,youtube,33
1008,safaribooksonline,3
1009,docs.python,203
1010,grafana,1
1011,docs.python,203
1012,pandas.pydata,7
1013,stackoverflow,305
1014,//biopython,1
1015,enkipro,1
1016,//self.BD|,1
1017,//self.BD[,1
1018,://websock,1
1019,ww.cdrf,1
1020,github,360
1021,github,360
1022,github,360
1023,github,360
1024,scrapy,2
1025,doc.scrapy,3
1026,doc.scrapy,3
1027,//xyproblem.i,1
1028,stackoverflow,305
1029,mikeash,4
1030,b.SMTP('<http://smtp.sendgrid,1
1031,sendgrid,1
1032,//dtcooper.,1
1033,//bit.ly/py,1
1034,stackoverflow,305
1035,xkcd,6
1036,github,360
1037,djangopackages,3
1038,//pypi,2
1039,github,360
1040,github,360
1041,pythondev.slack,33
1042,docs.python,203
1043,en.wikipedia,23
1044,github,360
1045,go4expert,1
1046,kaufland.,1
1047,pythondev.slack,33
1048,trustedtechteam,1
1049,stackoverflow,305
1050,://127.0.0.1:800,2
1051,://127.0.0,1
1052,ajax.googleapis,1
1053,fonts.googleapis,1
1054,youtube,33
1055,dev.mysql,3
1056,stackoverflow,305
1057,docs.python,203
1058,//click.pocoo,3
1059,docs.python,203
1060,github,360
1061,//_app_ct,1
1062,stackoverflow,305
1063,//logging.info|l,1
1064,vervesearch,2
1065,vervesearch,2
1066,slideshare,3
1067,slideshare,3
1068,growthengblog,1
1069,adaptpartners,1
1070,//ibiblio,1
1071,docs.python,203
1072,nedbatchelder,2
1073,docs.python,203
1074,//pgbovine,1
1075,joelonsoftware,2
1076,docs.python,203
1077,imgur,10
1078,stackoverflow,305
1079,github,360
1080,stackoverflow,305
1081,XXX:x-oauth-basic@github,1
1082,github,360
1083,pip.pypa.io,1
1084,//bit.ly/pypac,3
1085,//bit.ly/pypac,3
1086,//docxtpl.read,1
1087,docs.python,203
1088,/connect.crystalknows,2
1089,cl.ly/362Y,1
1090,connect.crystalknows,1
1091,developers.crystalknows,1
1092,/connect.crystalknows,2
1093,owasp,1
1094,github,360
1095,github,360
1096,stackoverflow,305
1097,github,360
1098,macports,1
1099,virtualenv.py,1
1100,stackoverflow,305
1101,stackoverflow,305
1102,stackoverflow,305
1103,edvancer.,1
1104,docs.python,203
1105,programiz,4
1106,stackoverflow,305
1107,//logging.INFO|l,1
1108,docs.python,203
1109,stackoverflow,305
1110,en.wikipedia,23
1111,wiki.python,5
1112,github,360
1113,blog.miguelgrinberg,8
1114,github,360
1115,pastebin,15
1116,stackoverflow,305
1117,opensource,1
1118,github,360
1119,github,360
1120,//docs.sqlalchemy,6
1121,github,360
1122,github,360
1123,stackoverflow,305
1124,github,360
1125,github,360
1126,//jsonlint,1
1127,stackoverflow,305
1128,//api.football-data,1
1129,pythondev.slack,33
1130,stackoverflow,305
1131,//django-rest-framework,1
1132,stackoverflow,305
1133,paulgureghian.wordpress,1
1134,stackshare.io/applicati,1
1135,stackoverflow,305
1136,abercrombie,1
1137,dabeaz,1
1138,youtube,33
1139,stackoverflow,305
1140,stackoverflow,305
1141,docs.python,203
1142,youtube,33
1143,docs.python,203
1144,t.me/reactk,1
1145,,46
1146,youtube,33
1147,en.wikipedia,23
1148,en.wikipedia,23
1149,hastebin,1
1150,inetzero,1
1151,docs.python,203
1152,github,360
1153,github,360
1154,amazon,5
1155,//logging.inf,1
1156,//flask-sqlalchemy.pocoo,3
1157,//flask-pymongo.readthed,1
1158,//api.mongodb,1
1159,ttp:,1
1160,p://,1
1161,://l,2
1162,://l,2
1163,//lo,1
1164,stackoverflow,305
1165,//attrs,1
1166,//docs.python-requests,11
1167,docs.djangoproject,17
1168,docs.djangoproject,17
1169,docs.python,203
1170,//flask.pocoo,9
1171,//flask-restp,1
1172,//marshmallow,1
1173,//flask-marsh,1
1174,github,360
1175,amir.rachum,2
1176,stackoverflow,305
1177,pre-commit,1
1178,github,360
1179,github,360
1180,://1cloud,1
1181,stackoverflow,305
1182,pypi.python,13
1183,pypi.python,13
1184,pypi.python,13
1185,pypi.python,13
1186,docs.djangoproject,17
1187,pypi.python,13
1188,stackoverflow,305
1189,en.wikipedia,23
1190,spark.laravel,1
1191,et('<http://www.cimc,2
1192,et('<http://www.cimc,2
1193,stackoverflow,305
1194,stackoverflow,305
1195,pandas.pydata,7
1196,ntForm(<http://r,1
1197,docs.python,203
1198,siemensgamesa,1
1199,stackoverflow,305
1200,t.send_keys(<http://selenium.webdriver,1
1201,"//localhost:5000/static/js/myapp.js>
",1
1202,//docs.sqlalchemy,6
1203,docs.python,203
1204,docs.python,203
1205,stackoverflow,305
1206,w.obeythetestinggoat,1
1207,docs.seleniumhq,1
1208,//docs.python-guide,5
1209,//jinja.pocoo,1
1210,gist.github,27
1211,i.imgur,10
1212,boto3.r,1
1213,stackoverflow,305
1214,docs.python,203
1215,pypi,27
1216,mdn.mozillademos,1
1217,w.mywebsite,1
1218,github,360
1219,github,360
1220,github,360
1221,stackoverflow,305
1222,stackoverflow,305
1223,youtube,33
1224,stackoverflow,305
1225,sitepoint,1
1226,imgur,10
1227,github,360
1228,python.swaroopch,1
1229,datacamp,2
1230,virtualenv.p,1
1231,pybee,2
1232,wiki.python,5
1233,github,360
1234,stackoverflow,305
1235,regex101,8
1236,regex101,8
1237,,46
1238,,46
1239,stackoverflow,305
1240,imgur,10
1241,effectivepython,1
1242,://shop.oreilly,1
1243,pandas.pydata,7
1244,stackoverflow,305
1245,github,360
1246,pngmini,1
1247,code.tutsplus,1
1248,pypi,27
1249,github,360
1250,//docs.celeryproject,3
1251,github,360
1252,django,2
1253,i.imgur,10
1254,i.imgur,10
1255,github,360
1256,gist.github,27
1257,test.pypi,2
1258,setuptool,1
1259,gist.github,27
1260,en.wikipedia,23
1261,//github,3
1262,medium,9
1263,//istockphoto,1
1264,://my-domain,1
1265,//new_image.,1
1266,w.paramiko,1
1267,stackoverflow,305
1268,github,360
1269,github,360
1270,github,360
1271,//book.pythontips,2
1272,//pypi,2
1273,status.python,1
1274,w.pythonforbeginners,1
1275,github,360
1276,stackoverflow,305
1277,//localhost:9200,1
1278,elastic,2
1279,en.wikipedia,23
1280,stackoverflow,305
1281,stackoverflow,305
1282,pythondev.slack,33
1283,e](<http://docs.python-guide,1
1284,github,360
1285,programiz,4
1286,get.slack.hel,11
1287,w.diveintopython,2
1288,uk.trustpilot,1
1289,docs.python,203
1290,bleedingcool,1
1291,docs.python,203
1292,goalkicker,1
1293,//bfy.tw/J4Sq,1
1294,hg.python,3
1295,python-pillow,1
1296,//dateutil.tz|da,1
1297,//simeonvisser,1
1298,support.enthought,1
1299,docs.python,203
1300,docs.python,203
1301,//pytest-selen,1
1302,pythondev.slack,33
1303,pythondev.slack,33
1304,docs.python,203
1305,//gtts.readthe,1
1306,//bootstrap-table.wenzhixin,1
1307,github,360
1308,datatables,1
1309,stackoverflow,305
1310,stackoverflow,305
1311,stackoverflow,305
1312,"ver.get(""""<http://www.example",1
1313,stackoverflow,305
1314,api.slack,3
1315,github,360
1316,github,360
1317,github,360
1318,docs.python,203
1319,docs.python,203
1320,stackoverflow,305
1321,github,360
1322,spacet,1
1323,github,360
1324,github,360
1325,python,31
1326,python,31
1327,chromium,1
1328,docs.python,203
1329,//myapi,1
1330,wiki.python,5
1331,quora,1
1332,github,360
1333,stackoverflow,305
1334,//webpy,2
1335,//webpy,2
1336,help.dreamhost,2
1337,docs.python,203
1338,//auth0,1
1339,auth0,1
1340,//self.m,1
1341,//virtua,1
1342,p,2
1343,i.imgur,10
1344,i.imgur,10
1345,//debian,1
1346,w.tornadoweb,1
1347,stackoverflow,305
1348,//Locust.io|Locu,1
1349,github,360
1350,//python,7
1351,code.djangoproject,1
1352,docs.djangoproject,17
1353,github,360
1354,blog.pythonlibrary,3
1355,blog.pythonlibrary,3
1356,developers.google,13
1357,developers.google,13
1358,//udemy,1
1359,pyvideo,1
1360,github,360
1361,//xx.xx.x,2
1362,//flask.pocoo,9
1363,docs.djangoproject,17
1364,praw.readthedocs.i,1
1365,phdops.kblin,1
1366,github,360
1367,stackoverflow,305
1368,developer.mozilla,3
1369,pythonspot,2
1370,//catb,1
1371,//en.wikipedia,1
1372,github,360
1373,i.imgur,10
1374,repo.anaconda,2
1375,repo.anaconda,2
1376,manning,1
1377,github,360
1378,python,31
1379,joelonsoftware,2
1380,app.codesignal,1
1381,xkcd,6
1382,drive.google,3
1383,github,360
1384,stackoverflow,305
1385,ubuntuforums,1
1386,fairuse.stanford,1
1387,,46
1388,youtube,33
1389,github,360
1390,github,360
1391,youtu.,2
1392,myurl,2
1393,myurl,2
1394,urllib3.readthedocs,1
1395,pythondev.slack,33
1396,getsaleor,1
1397,github,360
1398,stackoverflow,305
1399,github,360
1400,repl.it,1
1401,stackoverflow,305
1402,tatoeba,2
1403,tatoeba,2
1404,html.python-requests,1
1405,"website>'
",1
1406,get.slack.help/hc/en,1
1407,tools.ietf,1
1408,get.slack.,3
1409,get.slack.,3
1410,sopel.chat,2
1411,sopel.chat,2
1412,stackoverflow,305
1413,stackoverflow,305
1414,postgresql,2
1415,pypi,27
1416,github,360
1417,youtube,33
1418,hackernoon,4
1419,docs.python,203
1420,xkcd,6
1421,//linux,1
1422,linkedin,2
1423,github,360
1424,github,360
1425,github,360
1426,pythondev.slack,33
1427,stackoverflow,305
1428,github,360
1429,i.imgur,10
1430,i.imgur,10
1431,github,360
1432,spoonacular,1
1433,rapidapi,1
1434,matplotlib,8
1435,github,360
1436,matplotlib,8
1437,shields.io,1
1438,github,360
1439,//exploreflask,1
1440,docs.python-guide,3
1441,docs.python,203
1442,github,360
1443,virtual,1
1444,github,360
1445,docs.python,203
1446,,46
1447,stackoverflow,305
1448,jsonlint,2
1449,://asp,1
1450,help.dreamhost,2
1451,stackoverflow,305
1452,reddit,10
1453,://selenium-p,2
1454,://selenium-p,2
1455,rotowire,8
1456,//rotowire,1
1457,rotowire,8
1458,//logg,1
1459,rotowire,8
1460,rotowire,8
1461,rotowire,8
1462,github,360
1463,github,360
1464,docs.python,203
1465,bugs.python,2
1466,realpython,9
1467,docs.python,203
1468,docs.python,203
1469,pypi,27
1470,coursera,4
1471,rotowire,8
1472,rotowire,8
1473,//selenium-python.readthedo,1
1474,help.pythonanywhere,1
1475,//initd,1
1476,stackoverflow,305
1477,docs.djangoproject,17
1478,/,3
1479,/,3
1480,docs.python,203
1481,docs.scipy,5
1482,,46
1483,,46
1484,,46
1485,djskgen.herokuapp,1
1486,github,360
1487,stackoverflow,305
1488,pysftp.readth,1
1489,stackoverflow,305
1490,gist.github,27
1491,gist.github,27
1492,//MANIFEST.in|,1
1493,stackoverflow,305
1494,stackoverflow,305
1495,twitter,3
1496,twitter,3
1497,stackoverflow,305
1498,docs.python,203
1499,docs.python,203
1500,//werkzeug.pocoo,1
1501,pythondev.slack,33
1502,saleor.readthed,1
1503,stackoverflow,305
1504,stackoverflow,305
1505,get.slack.hel,11
1506,get.slack.hel,11
1507,://127.0.0.1:800,2
1508,docs.python,203
1509,pypi,27
1510,pypi.python,13
1511,twitter,3
1512,docs.python,203
1513,python,31
1514,python,31
1515,python,31
1516,pastebin,15
1517,//root_node,3
1518,//root_node,3
1519,//root_node,3
1520,docs.python,203
1521,realpython,9
1522,bower.io/>,1
1523,github,360
1524,docs.python,203
1525,12factor,1
1526,reddit,10
1527,docs.python,203
1528,stackoverflow,305
1529,github,360
1530,github,360
1531,python,31
1532,github,360
1533,rotowire,8
1534,docs.python,203
1535,docs.scipy,5
1536,github,360
1537,stackoverflow,305
1538,pythondev.slack,33
1539,stackoverflow,305
1540,boto3.readthe,2
1541,boto3.readthe,2
1542,python,31
1543,stackoverflow,305
1544,issuehaven,1
1545,github,360
1546,github,360
1547,github,360
1548,tp://feeds.feedburner,3
1549,docs.python,203
1550,stackoverflow,305
1551,docs.mongodb,1
1552,leetcode,3
1553,//scikit-learn,4
1554,stackoverflow,305
1555,tp://feeds.feedburner,3
1556,tp://feeds.feedburner,3
1557,stackoverflow,305
1558,pythondev.slack,33
1559,pythondev.slack,33
1560,prodemand,2
1561,prodemand,2
1562,//aui.mitchell1,1
1563,stackoverflow,305
1564,://testthree,4
1565,://testthree,4
1566,://testthree,4
1567,://testthree,4
1568,plot.ly/p,1
1569,nodejs,1
1570,w.url,1
1571,amazing,2
1572,amazing,2
1573,banweb.banner.vt,2
1574,banweb.banner.vt,2
1575,stackoverflow,305
1576,stackoverflow,305
1577,wtforms.readth,1
1578,developer.mozilla,3
1579,seaborn.pydata,1
1580,pythondev.slack,33
1581,blog.tartanllama,1
1582,stackoverflow,305
1583,pipenv.readt,1
1584,pipenv.readth,1
1585,webargs.readt,1
1586,docs.python,203
1587,docs.python,203
1588,stackoverflow,305
1589,docs.python,203
1590,ww.asciitable,1
1591,stackoverflow,305
1592,github,360
1593,docs.python,203
1594,//docs.python,1
1595,//scikit-learn,4
1596,codeclimate,2
1597,codeclimate,2
1598,docs.python,203
1599,//bit.ly/pypac,3
1600,github,360
1601,github,360
1602,marshma,1
1603,youtu.b,1
1604,anaconda,3
1605,2005^<http://utext,1
1606,//gitlab,1
1607,//GitLab,1
1608,w.diveintopython,2
1609,arrow.readthedoc,1
1610,github,360
1611,hackerrank,2
1612,blog.codinghorror,1
1613,hackerrank,2
1614,help.github,2
1615,docs.python,203
1616,pythondev.slack,33
1617,://mortada,1
1618,://localho,3
1619,://localho,3
1620,://localho,3
1621,github,360
1622,pythonhosted,6
1623,github,360
1624,stackoverflow,305
1625,github,360
1626,imdb,3
1627,imdb,3
1628,imdb,3
1629,gist.github,27
1630,googleapis,1
1631,pythondev.slack,33
1632,://ezored,2
1633,stackoverflow,305
1634,stackoverflow,305
1635,gnu,1
1636,,46
1637,stackoverflow,305
1638,jetbrains,9
1639,intellij-support.jetbrains,1
1640,jetbrains,9
1641,pyforms.readt,1
1642,stackoverflow,305
1643,get.slack.hel,11
1644,get.slack.hel,11
1645,docs.python,203
1646,mail.python,2
1647,stackoverflow,305
1648,pypi,27
1649,github,360
1650,github,360
1651,stackoverflow,305
1652,stackoverflow,305
1653,github,360
1654,docs.python,203
1655,automatetheboringstuff,4
1656,get.slack.help/hc/en-u,2
1657,get.slack.help/hc/en-u,2
1658,github,360
1659,//docs.mongoengine,1
1660,//role.pk|role.pk>,1
1661,nfig['MAIL_SERVER']='<http://smtp.gmail,2
1662,//flask.pocoo,9
1663,support.google,3
1664,nfig['MAIL_SERVER']='<http://smtp.gmail,2
1665,myaccount.google,1
1666,docs.python,203
1667,docs.python,203
1668,pypi,27
1669,cele,1
1670,gist.github,27
1671,pypi,27
1672,github,360
1673,stackoverflow,305
1674,blog.pythonlibrary,3
1675,//async.io|async.io>,1
1676,docs.python,203
1677,docs.python,203
1678,//scikit-learn,4
1679,anaconda,3
1680,docs.aws.amazon,7
1681,docs.python,203
1682,docs.python,203
1683,learnpython,1
1684,learnpythonthehardway,2
1685,blog.miguelgrinberg,8
1686,greenteapress,2
1687,stackoverflow,305
1688,pythonforbeginners,2
1689,github,360
1690,stackoverflow,305
1691,python,31
1692,stackoverflow,305
1693,yuju-api.appspot,1
1694,stackoverflow,305
1695,//learnpythonthehardway,3
1696,greenteapress,2
1697,pythondev.slack,33
1698,pypi,27
1699,github,360
1700,python,31
1701,github,360
1702,help.j,1
1703,stackoverflow,305
1704,pastebin,15
1705,stackoverflow,305
1706,://scikit-learn,1
1707,://mathforum,1
1708,stats.stackexchange,1
1709,github,360
1710,setupt,1
1711,github,360
1712,`,1
1713,python,31
1714,conda.io/d,2
1715,docs.djangoproject,17
1716,blog.miguelgrinberg,8
1717,stackoverflow,305
1718,programiz,4
1719,books.google,1
1720,docs.python,203
1721,pythondev.slack,33
1722,python,31
1723,flask-bcryp,1
1724,pythonhosted,6
1725,docs.python,203
1726,kivy,1
1727,docs.python,203
1728,virtualenv.,1
1729,github,360
1730,get.sl,9
1731,get.sl,9
1732,,46
1733,github,360
1734,sans-i,1
1735,github,360
1736,slack,2
1737,github,360
1738,,46
1739,//dpaste,4
1740,://bit.l,1
1741,youtube,33
1742,saleor.readth,1
1743,hub.docker,2
1744,hub.docker,2
1745,github,360
1746,get.s,5
1747,github,360
1748,stackoverflow,305
1749,github,360
1750,//request,6
1751,//request,6
1752,//request,6
1753,//request,6
1754,docs.python,203
1755,github,360
1756,pythondev.slack,33
1757,docs.python,203
1758,github,360
1759,boto3.amazonaws,3
1760,stackoverflow,305
1761,stackoverflow,305
1762,//async.io|async,1
1763,docs.python,203
1764,tp://cns.dq,1
1765,ghostbin,2
1766,fullstackpython,2
1767,get.slack.help/hc/e,2
1768,get.slack.help/hc/e,2
1769,//pythonspot,1
1770,stackoverflow,305
1771,matplotlib,8
1772,pythonspot,2
1773,stackoverflow,305
1774,github,360
1775,github,360
1776,pypi,27
1777,sir-,1
1778,github,360
1779,//127.0.0,6
1780,//127.0.0,6
1781,github,360
1782,//Box,1
1783,digitalocean,5
1784,sentry.io|Se,3
1785,pyslackers,7
1786,m.do,3
1787,sent,3
1788,github,360
1789,paste.ofcode,2
1790,docs.python,203
1791,test.pypi,2
1792,stackoverflow,305
1793,fuhm,1
1794,upload.pypi,4
1795,rob-bell,1
1796,linuxacademy,1
1797,stackoverflow,305
1798,w.andy-pearce,1
1799,codingfreak.blogspot,1
1800,github,360
1801,github,360
1802,docs.python-guide,3
1803,github,360
1804,//InteractivePython,1
1805,w.pythonworks,1
1806,docs.travis-ci,1
1807,pythonhosted,6
1808,github,360
1809,travis-ci,2
1810,github,360
1811,github,360
1812,//effbot,1
1813,neomo,1
1814,get.s,5
1815,get.s,5
1816,jetbrains,9
1817,stackoverflow,305
1818,stackoverflow,305
1819,docs.python,203
1820,ci.appveyor,3
1821,,46
1822,,46
1823,docs.python,203
1824,ci.appveyor,3
1825,docs.python,203
1826,ci.appveyor,3
1827,docs.google,1
1828,github,360
1829,docs.djangoproject,17
1830,//scikit-learn,4
1831,//docs.python-requests,11
1832,,46
1833,github,360
1834,docs.python,203
1835,groups.google,2
1836,modwsgi.readt,1
1837,github,360
1838,://localh,1
1839,stackoverflow,305
1840,paste.ofcode,2
1841,stackoverflow,305
1842,stackoverflow,305
1843,stackoverflow,305
1844,b.IMAP4_SSL(‘<http://imap.gmail,1
1845,pypi,27
1846,get.,4
1847,get.,4
1848,mikeash,4
1849,youtube,33
1850,bitbucket,2
1851,community.developer.atlassian,1
1852,github,360
1853,docs.python,203
1854,pythonhosted,6
1855,pythondev.slack,33
1856,geopy.readthedo,1
1857,docs.djangoproject,17
1858,digitalocean,5
1859,o.run(get('<http://google,2
1860,o.run(get('<http://google,2
1861,//logger.info|logger.,1
1862,tensorflow,1
1863,looooi,2
1864,looooi,2
1865,paste.pound-python,1
1866,,46
1867,,46
1868,anaconda,3
1869,gyazo,4
1870,gyazo,4
1871,gyazo,4
1872,://docs.anaconda,1
1873,github,360
1874,docs.sqlalchemy,6
1875,//logger.info|logg,1
1876,://requests.post|r,2
1877,://requests.post|r,2
1878,//request.post|req,1
1879,github,360
1880,realpython,9
1881,scapy,1
1882,docs.python,203
1883,//corsica.hock,1
1884,ts.get(’<http:,1
1885,pypi,27
1886,get.,4
1887,get.,4
1888,valentinog,1
1889,django-two-fac,1
1890,docs.python,203
1891,//prntscr,2
1892,//prntscr,2
1893,stackoverflow,305
1894,docs.python,203
1895,github,360
1896,httpbin,1
1897,docs.quantifiedcode,1
1898,//tkinter.Tk|tkinter.Tk,1
1899,tutorialspoint,4
1900,drive.google,3
1901,//docs.fabfile,1
1902,docs.pytest,10
1903,docs.gitlab,1
1904,github,360
1905,imgur,10
1906,//blog.magiksys,1
1907,imgur,10
1908,matplotlib,8
1909,codingame,1
1910,//bit.ly/pypacka,2
1911,get.slack.hel,11
1912,get.slack.hel,11
1913,//sqlalche.m,1
1914,pytho,1
1915,stackoverflow,305
1916,flask-migrate.,1
1917,w.sqlfiddle,1
1918,tutorialspoint,4
1919,stackoverflow,305
1920,drive.google,3
1921,change,1
1922,stackoverflow,305
1923,stackoverflow,305
1924,stackoverflow,305
1925,"soapenv=""""<http://schemas.xmlsoap",1
1926,"""""<http://www.w3",2
1927,"""""<http://www.w3",2
1928,ttp://www.navis,1
1929,"ns1=""""<http://types.webservice.argo.navis",1
1930,"ns2=""""<http://types.webservice.argo.navis",1
1931,pythondev.slack,33
1932,stackoverflow,305
1933,//docs.python-requests,11
1934,stackoverflow,305
1935,starlette,1
1936,youtube,33
1937,python-patt,1
1938,my.incapsula,2
1939,docs.aws.amazon,7
1940,vault.corporate.abc,2
1941,vault.corporate.abc,2
1942,github,360
1943,github,360
1944,mail.google,1
1945,p://blog.interco,1
1946,github,360
1947,stackoverflow,305
1948,github,360
1949,api.lever,1
1950,docs.python,203
1951,my.incapsula,2
1952,abc.incapsula,2
1953,abc.incapsula,2
1954,boto3.amazonaws,3
1955,docs.python,203
1956,//typing.IO|ty,1
1957,docs.python,203
1958,docs.python,203
1959,//docs.python-requests,11
1960,linkedin,2
1961,//angle,1
1962,developer.domo,3
1963,//remoteok.io|rem,1
1964,//angel,1
1965,github,360
1966,//logger.,4
1967,pymotw,1
1968,//request,6
1969,//logger.,4
1970,//logger.,4
1971,stackoverflow,305
1972,stackoverflow,305
1973,docs.python,203
1974,stackoverflow,305
1975,//pylint-messages.wikidot,1
1976,//logger.info|logger.info,1
1977,youtube,33
1978,youtube,33
1979,raw.githubusercontent,1
1980,example,18
1981,example,18
1982,example,18
1983,example,18
1984,example,18
1985,example,18
1986,example,18
1987,example,18
1988,example,18
1989,example,18
1990,example,18
1991,example,18
1992,stackoverflow,305
1993,docs.djangoproject,17
1994,,46
1995,stackoverflow,305
1996,docs.python,203
1997,docs.python-guide,3
1998,sqlalchemy,2
1999,api.mongodb,1
2000,docs.pytest,10
2001,stackoverflow,305
2002,//automatetheboringstuff,2
2003,scrapy,2
2004,docs.python,203
2005,python,31
2006,realpython,9
2007,//pymotw,1
2008,github,360
2009,saltycrane,1
2010,//codeacademy,1
2011,developer.domo,3
2012,dropbox,4
2013,github,360
2014,sebastianraschka,2
2015,get.slack.help/h,4
2016,get.slack.help/h,4
2017,//ruby.sadi.st/Ruby,1
2018,stackoverflow,305
2019,dropbox,4
2020,docs.sqlalchemy,6
2021,//FLOWERS.COM|FLOW,2
2022,//FLOWERS.COM|FLOW,2
2023,github,360
2024,docs.aws.amazon,7
2025,dropbox,4
2026,github,360
2027,w.pythontutor,1
2028,github,360
2029,github,360
2030,stackoverflow,305
2031,docs.python,203
2032,simpleisbetterthancomplex,2
2033,python,31
2034,//rodrigob.gi,1
2035,stackoverflow,305
2036,pythondev.slack,33
2037,medium,9
2038,stackoverflow,305
2039,//cmds.ls|cmds.ls,1
2040,pythondev.slack,33
2041,stackoverflow,305
2042,pythonforbeginners,2
2043,github,360
2044,//server1.domain,1
2045,//server2.domain,1
2046,activities.uipath,1
2047,github,360
2048,//xonsh,1
2049,stackoverflow,305
2050,bazaar.launchpad,3
2051,bazaar.launchpad,3
2052,bazaar.launchpad,3
2053,://Urls.UK|Urls.UK>,1
2054,docs.python,203
2055,docs.python,203
2056,en.wikipedia,23
2057,developer.twitter,2
2058,developer.twitter,2
2059,stackoverflow,305
2060,conda.io/docs,1
2061,pythondev.slack,33
2062,code.google,1
2063,github,360
2064,ttp://...,1
2065,pypi,27
2066,analyticsvidhya,1
2067,reddit,10
2068,medium,9
2069,docs.python,203
2070,amoffat.gi,1
2071,regex101,8
2072,fdic,1
2073,stackoverflow,305
2074,github,360
2075,stackoverflow,305
2076,github,360
2077,files.pythonhosted,10
2078,stackoverflow,305
2079,github,360
2080,site,1
2081,site2,1
2082,site3,1
2083,github,360
2084,py,1
2085,alkaline-ml,1
2086,github,360
2087,github,360
2088,github,360
2089,docs.python,203
2090,,46
2091,stackoverflow,305
2092,//docs.python-requests,11
2093,github,360
2094,://docs.python-requests,1
2095,hl,1
2096,ccbv,3
2097,ccbv,3
2098,p://ord,1
2099,://orde,1
2100,stackoverflow,305
2101,regexr,3
2102,stackoverflow,305
2103,docs.python,203
2104,pypi,27
2105,date,1
2106,python,31
2107,pypi,27
2108,pypi,27
2109,stackoverflow,305
2110,stackoverflow,305
2111,jah-lyrics,1
2112,cheerio.js,1
2113,stackoverflow,305
2114,dropbox,4
2115,realpython,9
2116,stackoverflow,305
2117,docs.python,203
2118,get.slack.h,10
2119,get.slack.h,10
2120,w.ezonebay,1
2121,github,360
2122,python,31
2123,docs.python,203
2124,jeffknupp,1
2125,bitinfocharts,2
2126,pythondev.slack,33
2127,github,360
2128,github,360
2129,github,360
2130,github,360
2131,medium,9
2132,stackoverflow,305
2133,bitinfocharts,2
2134,developer.livehelpnow,2
2135,//docs.python-requests,11
2136,jwt.io/introduction,1
2137,stackoverflow,305
2138,developer.livehelpnow,2
2139,en.wikipedia,23
2140,docs.python,203
2141,docs.python,203
2142,github,360
2143,marsh,2
2144,marsh,2
2145,ge,4
2146,ge,4
2147,realpython,9
2148,en.wikipedia,23
2149,pastebin,15
2150,,46
2151,github,360
2152,://10.10.,2
2153,://10.10.,2
2154,ts.get('<http://example,1
2155,youtube,33
2156,w.penguintutor,1
2157,micro-editor.gi,1
2158,p://10.10.1.10:312,1
2159,://22.12.4.30:9520,1
2160,://12.33.2.90:0123,1
2161,://67.90.8.32:7878,1
2162,linuxize,1
2163,docs.python,203
2164,//interactivepython,3
2165,developers.google,13
2166,stackoverflow,305
2167,adadevelopersacademy,1
2168,ibb,1
2169,en.wikipedia,23
2170,cs.stackexchange,1
2171,reddit,10
2172,github,360
2173,devnull-as-a-service,1
2174,python,31
2175,udemy,2
2176,blog.miguelgrinberg,8
2177,github,360
2178,github,360
2179,github,360
2180,github,360
2181,github,360
2182,://0.0.0.,1
2183,//0.0.0.0,1
2184,//s,1
2185,packaging.python,5
2186,learnpythonthehardway,2
2187,//apps.twitter,1
2188,github,360
2189,github,360
2190,pipenv,1
2191,devcenter.heroku,1
2192,get.slack.help/h,4
2193,get.slack.help/h,4
2194,stackoverflow,305
2195,medium,9
2196,docs.python,203
2197,imgur,10
2198,stackoverflow,305
2199,w.sphinx-doc,2
2200,w.paulbrownmagic,1
2201,codeproject,1
2202,docs.python,203
2203,docs.python,203
2204,files.pythonhosted,10
2205,files.pythonhosted,10
2206,files.pythonhosted,10
2207,files.pythonhosted,10
2208,files.pythonhosted,10
2209,files.pythonhosted,10
2210,files.pythonhosted,10
2211,gist.github,27
2212,github,360
2213,get.sl,9
2214,get.sl,9
2215,get.s,5
2216,docs.python,203
2217,stackoverflow,305
2218,github,360
2219,medium,9
2220,support.google,3
2221,docs.python,203
2222,safaribooksonline,3
2223,w.saltycrane,1
2224,peterbe,1
2225,stackoverflow,305
2226,docs.python,203
2227,programiz,4
2228,github,360
2229,//automatetheboringstuff,2
2230,//learnpythonthehardway,3
2231,codecombat,1
2232,try.github,1
2233,//kata.coderdojo,1
2234,blog.miguelgrinberg,8
2235,w3schools,3
2236,w3schools,3
2237,lucamezzalira,1
2238,//gitflow,1
2239,gyazo,4
2240,pythondev.slack,33
2241,w3schools,3
2242,github,360
2243,sts.get('<http://stats.nba,1
2244,stackoverflow,305
2245,pythonclock,1
2246,sebastianraschka,2
2247,,46
2248,,46
2249,,46
2250,coderslexicon,1
2251,stackoverflow,305
2252,//sorry.in|sorry,1
2253,help.github,2
2254,repl.it/@JH,3
2255,repl.it/@JH,3
2256,github,360
2257,matplotlib,8
2258,matplotlib,8
2259,media.giphy,3
2260,digitaltonto,1
2261,stackoverflow,305
2262,//DATACAMP,1
2263,docs.python,203
2264,get.slack.h,10
2265,get.slack.h,10
2266,gist.github,27
2267,github,360
2268,//logger.,4
2269,support.gitkraken,1
2270,stackoverflow,305
2271,//problem.is|pro,1
2272,stackoverflow,305
2273,github,360
2274,hackernoon,4
2275,stackoverflow,305
2276,stackoverflow,305
2277,docs.python,203
2278,docs.python,203
2279,repl.it/@JH,3
2280,jetbrains,9
2281,stackabuse,3
2282,github,360
2283,wsvincent,1
2284,tomaugspur,1
2285,dbader,1
2286,docs.scipy,5
2287,pypi,27
2288,pastebin,15
2289,//book.pythontips,2
2290,docs.python,203
2291,en.wikipedia,23
2292,//hellotest,2
2293,hellotest,5
2294,hellotest,5
2295,hellotest,5
2296,w.hellotest,2
2297,hellotest,5
2298,//hellotest,2
2299,w.hellotest,2
2300,$host$request_ur,1
2301,://hellotest,1
2302,hellotest,5
2303,//admin.unionstreetmedia,1
2304,docs.python,203
2305,,46
2306,github,360
2307,pythondev.slack,33
2308,stackoverflow,305
2309,github,360
2310,gist.github,27
2311,docs.python,203
2312,docs.sqlalchemy,6
2313,docs.sqlalchemy,6
2314,//example,1
2315,docs.python,203
2316,stackoverflow,305
2317,api.slack,3
2318,slideshare,3
2319,api.slack,3
2320,stackoverflow,305
2321,w.attrs,1
2322,//pandas.pydata,2
2323,8gwifi,1
2324,//request,6
2325,reddit,10
2326,//requests.pos,4
2327,p://my-website,1
2328,p://example,1
2329,/hooks.slack,1
2330,github,360
2331,github,360
2332,github,360
2333,marshm,2
2334,stackoverflow,305
2335,learngitbranching.js,1
2336,docs.python,203
2337,get.slack.h,10
2338,get.slack.h,10
2339,github,360
2340,pypi,27
2341,stackoverflow,305
2342,dpaste.de/p7E,1
2343,docs.python,203
2344,//dpaste,4
2345,jetbrains,9
2346,i.gyazo,2
2347,i.gyazo,2
2348,docs.python,203
2349,stackoverflow,305
2350,gist.github,27
2351,pook.readth,1
2352,kennbrodhagen,1
2353,stackoverflow,305
2354,reddit,10
2355,blog.miguelgrinberg,8
2356,dataquest.io/bl,1
2357,openpyxl.readthedo,1
2358,stackoverflow,305
2359,alphavantage,7
2360,alphavantage,7
2361,medium,9
2362,alphavantage,7
2363,stackoverflow,305
2364,"ts.get(""""<http://api.open-notify",1
2365,alphavantage,7
2366,pandas.pydata,7
2367,docs.python,203
2368,w.jython,1
2369,python,31
2370,python,31
2371,stackoverflow,305
2372,stackoverflow,305
2373,stackoverflow,305
2374,//sol.gfxile,6
2375,github,360
2376,martinfowler,1
2377,automatetheboringstuff,4
2378,stackoverflow,305
2379,docs.python,203
2380,docs.sqlalchemy,6
2381,stackoverflow,305
2382,hub.packtpub,1
2383,python-graph-gallery,1
2384,pythonprogramming,1
2385,//cloc.sourceforge,2
2386,//cloc.sourceforge,2
2387,github,360
2388,youtube,33
2389,stackoverflow,305
2390,youtube,33
2391,stackoverflow,305
2392,tox.readthedo,1
2393,flask-restful,3
2394,github,360
2395,get.sl,9
2396,get.sl,9
2397,github,360
2398,stackoverflow,305
2399,pyexchange.re,1
2400,leetcode,3
2401,stackoverflow,305
2402,stackoverflow,305
2403,github,360
2404,//funkyimg,1
2405,youtube,33
2406,github,360
2407,//192.168,1
2408,stackoverflow,305
2409,stackoverflow,305
2410,youtube,33
2411,stackoverflow,305
2412,stackabuse,3
2413,stackabuse,3
2414,pypi,27
2415,matplotlib,8
2416,stackoverflow,305
2417,stackoverflow,305
2418,github,360
2419,go,1
2420,stackoverflow,305
2421,//sol.gfxile,6
2422,github,360
2423,github,360
2424,github,360
2425,github,360
2426,stackoverflow,305
2427,ge,4
2428,ge,4
2429,stackoverflow,305
2430,get.slack.hel,11
2431,get.slack.hel,11
2432,britishfencing,1
2433,docs.python,203
2434,stackoverflow,305
2435,w.postgresqltutorial,1
2436,,46
2437,alembic.sqlalchemy,1
2438,aws.amazon,3
2439,python-pat,1
2440,et_server_certificate(('<http://myhost,1
2441,restapitutorial,1
2442,w3,1
2443,django,2
2444,//website,1
2445,w.celeryproject,1
2446,//python-rq,1
2447,apschedu,1
2448,support.mcafee,1
2449,stackoverflow,305
2450,robomongo,1
2451,docs.envkey,1
2452,//gnuwin32.sourceforge,1
2453,alphavantage,7
2454,youtu.be/88n2wtjftc,1
2455,stackoverflow,305
2456,youtube,33
2457,docs.python,203
2458,github,360
2459,//self.at|,1
2460,docs.pytest,10
2461,boto3.amazonaws,3
2462,docs.aws.amazon,7
2463,//interactivepython,3
2464,pyxll,1
2465,udemy,2
2466,xlwings,1
2467,stadlerrail,2
2468,stadlerrail,2
2469,stackoverflow,305
2470,stackoverflow,305
2471,//interactivepython,3
2472,docs.pytest,10
2473,//sol.gfxile,6
2474,get.slack,4
2475,get.slack,4
2476,github,360
2477,://python,1
2478,developers.google,13
2479,pythondev.slack,33
2480,xlsxwriter.read,1
2481,cookiecutter.re,1
2482,//cmds.ls|cmds.ls>,2
2483,//cmds.ls|cmds.ls>,2
2484,developers.google,13
2485,ts.g,1
2486,pypi,27
2487,stackoverflow,305
2488,developers.google,13
2489,developers.google,13
2490,stackoverflow,305
2491,stackoverflow,305
2492,developers.google,13
2493,python,31
2494,pdftables,1
2495,get.slack,4
2496,get.slack,4
2497,//sol.gfxile,6
2498,docs.python,203
2499,,46
2500,docs.python,203
2501,github,360
2502,medium,9
2503,xlsxwr,1
2504,stackoverflow,305
2505,openpyxl.read,1
2506,pandas.pydata,7
2507,openpyxl.readthedocs.i,1
2508,stackoverflow,305
2509,stackoverflow,305
2510,,46
2511,stackoverflow,305
2512,pandas.pydata,7
2513,realpython,9
2514,docs.python,203
2515,,46
2516,,46
2517,olymptrade,2
2518,olymptrade,2
2519,stackoverflow,305
2520,//video.domain,1
2521,youtube,33
2522,jcb91-jupyt,1
2523,bugs.python,2
2524,github,360
2525,docs.python,203
2526,reddit,10
2527,github,360
2528,nseindia,3
2529,alphavantage,7
2530,alphavantage,7
2531,nseindia,3
2532,github,360
2533,en.wikipedia,23
2534,get.slack.h,10
2535,cdn.discordapp,1
2536,//adventofcode,1
2537,github,360
2538,github,360
2539,//pandas.pydata,2
2540,stackoverflow,305
2541,//hostname,1
2542,ps?://(?:www,1
2543,foo.example,2
2544,example,18
2545,foo.example,2
2546,example,18
2547,bar,2
2548,bar,2
2549,regex101,8
2550,admintome,1
2551,//request.POST|r,1
2552,stackoverflow,305
2553,stackoverflow,305
2554,ccbv,3
2555,stackoverflow,305
2556,ocw.mit,1
2557,://request,1
2558,//docs.python-requests,11
2559,w.domain,3
2560,w.domain,3
2561,w.domain,3
2562,.domain,1
2563,//dav,2
2564,//dav,2
2565,github,360
2566,://loggin,1
2567,files.pythonhosted,10
2568,stackoverflow,305
2569,youtube,33
2570,//spyne.io/#in,1
2571,tutorialspoint,4
2572,stackoverflow,305
2573,nseindia,3
2574,stackoverflow,305
2575,nsetools.read,1
2576,docs.djangoproject,17
2577,flask-socketio.rea,2
2578,flask-socketio.rea,2
2579,//sol.gfxile,6
2580,stackoverflow,305
2581,stackoverflow,305
2582,docs.python,203
2583,dpaste.de/F,1
2584,github,360
2585,stackoverflow,305
2586,github,360
2587,get.sl,9
2588,get.sl,9
2589,marshm,2
2590,docs.python,203
2591,chrome.google,1
2592,gist.github,27
2593,people.csail.mit,1
2594,docs.python,203
2595,pastebin,15
2596,github,360
2597,packaging.python,5
2598,coursera,4
2599,amazon,5
2600,github,360
2601,github,360
2602,github,360
2603,pybee,2
2604,github,360
2605,gitter,1
2606,w.tonyhammack,1
2607,realpython,9
2608,github,360
2609,scotch,1
2610,//jsfiddle,1
2611,docs.sqlalchemy,6
2612,youtube,33
2613,devguide.python,2
2614,python,31
2615,devguide.python,2
2616,pythondev.slack,33
2617,dba.stackexchange,1
2618,stackoverflow,305
2619,developer.domo,3
2620,docs.python,203
2621,amazon,5
2622,github,360
2623,python,31
2624,github,360
2625,google,11
2626,whereamirightnow,1
2627,pythondev.slack,33
2628,djangopackages,3
2629,stackoverflow,305
2630,pastebin,15
2631,stackoverflow,305
2632,xkcd,6
2633,pypi,27
2634,github,360
2635,github,360
2636,python,31
2637,github,360
2638,get.sl,9
2639,docs.python,203
2640,hackernoon,4
2641,docs.pytest,10
2642,//ccbv,1
2643,github,360
2644,github,360
2645,django-rest-framework,3
2646,django-rest-framework,3
2647,django-rest-framework,3
2648,github,360
2649,scikit-learn,1
2650,github,360
2651,y,1
2652,code.visualstudio,1
2653,reddit,10
